date,apprehended,cbp_custody,transferred,hhs_care,discharged,transfer_efficiency_ratio,discharge_effectiveness_index,pipeline_throughput_rate,backlog_accumulation_rate,outcome_stability_score,year,month,day_of_week,is_weekend
2023-01-12,33,53,34,6566,436,1.0303030303030303,0.06640268047517514,0.07122291256250947,-403.0,,2023,1,Thursday,False
2023-01-22,32,49,39,7122,227,1.21875,0.031873069362538614,0.03718199608610567,-195.0,0.024416122169479654,2023,1,Sunday,True
2023-01-23,32,50,39,7280,181,1.21875,0.02486263736263736,0.030087527352297593,-149.0,0.022237413601880685,2023,1,Monday,False
2023-01-24,47,42,47,7433,175,1.0,0.023543656666218216,0.029679144385026737,-128.0,0.020155706656772864,2023,1,Tuesday,False
2023-01-25,20,22,41,7538,180,2.05,0.02387901300079597,0.02924053982535062,-160.0,0.018368828682511544,2023,1,Wednesday,False
2023-01-29,23,45,11,7472,303,0.4782608695652174,0.04055139186295503,0.0418945963975984,-280.0,0.01663855766876007,2023,1,Sunday,True
2023-01-30,34,54,29,7743,196,0.8529411764705882,0.025313186103577426,0.02893146457502893,-162.0,0.015640469980482647,2023,1,Monday,False
2023-01-31,26,36,36,7803,158,1.3846153846153846,0.020248622324746893,0.024779665346787584,-132.0,0.006853681121030423,2023,1,Tuesday,False
2023-02-01,25,32,27,7903,231,1.08,0.029229406554472984,0.032542885973763876,-206.0,0.006620966180946612,2023,2,Wednesday,False
2023-02-02,15,13,23,7879,298,1.5333333333333334,0.03782205863688285,0.04066379528756017,-283.0,0.007709948483934486,2023,2,Thursday,False
2023-02-05,16,18,15,7586,342,0.9375,0.04508304771948326,0.04696132596685083,-326.0,0.009435062926939762,2023,2,Sunday,True
2023-02-06,11,22,12,7720,196,1.0909090909090908,0.02538860103626943,0.026904669512352864,-185.0,0.009240896903727468,2023,2,Monday,False
2023-02-07,16,20,20,7855,200,1.25,0.025461489497135583,0.027950705120060985,-184.0,0.008639961107606642,2023,2,Tuesday,False
2023-02-08,93,196,169,7915,317,1.8172043010752688,0.04005053695514845,0.06068931068931069,-224.0,0.009147259568754059,2023,2,Wednesday,False
2023-02-09,124,234,161,7908,353,1.2983870967741935,0.044638340920586744,0.06399402390438247,-229.0,0.00859920786177499,2023,2,Thursday,False
2023-02-12,92,203,173,7434,317,1.8804347826086956,0.042641915523271456,0.06510762689343609,-225.0,0.008493456968464954,2023,2,Sunday,True
2023-02-13,186,259,172,7483,244,0.9247311827956989,0.03260724308432447,0.054244360412048505,-58.0,0.008666761371187819,2023,2,Monday,False
2023-02-14,154,225,220,7794,223,1.4285714285714286,0.02861175263022838,0.055737292400603926,-69.0,0.008187606307735601,2023,2,Tuesday,False
2023-02-15,91,199,172,7869,290,1.89010989010989,0.036853475663997964,0.058040201005025126,-199.0,0.007220853325389281,2023,2,Wednesday,False
2023-02-16,81,213,153,7793,361,1.8888888888888888,0.046323623764917235,0.06527813055626111,-280.0,0.006492977955707334,2023,2,Thursday,False
2023-02-20,209,285,184,7817,209,0.8803827751196173,0.02673659971856211,0.048965860951906304,0.0,0.007874791558780377,2023,2,Monday,False
2023-02-21,184,314,217,7967,213,1.1793478260869565,0.02673528304255052,0.05275426328057907,-29.0,0.007856026028682244,2023,2,Tuesday,False
2023-02-22,107,215,230,7978,232,2.149532710280374,0.029079969917272498,0.05714285714285714,-125.0,0.007109583975598683,2023,2,Wednesday,False
2023-02-23,101,162,178,7914,386,1.7623762376237624,0.04877432398281526,0.07036805988771054,-285.0,0.009428061231612555,2023,2,Thursday,False
2023-02-26,99,190,176,7609,323,1.7777777777777777,0.04244973058220528,0.06473793461338868,-224.0,0.009381859951018994,2023,2,Sunday,True
2023-02-27,167,239,166,7800,248,0.9940119760479041,0.031794871794871796,0.05196435295594327,-81.0,0.009561846728159502,2023,2,Monday,False
2023-02-28,115,216,169,7896,200,1.4695652173913043,0.025329280648429583,0.046061665210335785,-85.0,0.009057787121015405,2023,2,Tuesday,False
2023-03-01,84,158,193,7930,307,2.2976190476190474,0.03871374527112232,0.062390816071874224,-223.0,0.008808391850388234,2023,3,Wednesday,False
2023-03-02,130,227,192,7870,335,1.476923076923077,0.042566709021601014,0.065875,-205.0,0.008448601848983994,2023,3,Thursday,False
2023-03-07,88,214,160,7859,259,1.8181818181818181,0.03295584679984731,0.05272429847741286,-171.0,0.007959042419845932,2023,3,Tuesday,False
2023-03-08,113,208,159,7885,291,1.407079646017699,0.03690551680405834,0.056264066016504126,-178.0,0.006238104111381136,2023,3,Wednesday,False
2023-03-09,174,285,150,7786,340,0.8620689655172413,0.043668122270742356,0.06155778894472362,-166.0,0.006466835180098772,2023,3,Thursday,False
2023-03-13,104,230,206,7567,249,1.9807692307692308,0.032906039381525046,0.05931430061269717,-145.0,0.0063594257057073295,2023,3,Monday,False
2023-03-14,147,276,214,7810,181,1.4557823129251701,0.023175416133162614,0.04964182480834485,-34.0,0.006990946300409161,2023,3,Tuesday,False
2023-03-15,108,220,213,7915,286,1.9722222222222223,0.0361339229311434,0.06219618596534962,-178.0,0.00688144335871432,2023,3,Wednesday,False
2023-03-16,180,280,146,7989,308,0.8111111111111111,0.03855301038928527,0.05557595788958257,-128.0,0.006337594093045175,2023,3,Thursday,False
2023-03-19,134,294,186,7885,306,1.3880597014925373,0.03880786303107166,0.0613542835765058,-172.0,0.00642382945873727,2023,3,Sunday,True
2023-03-20,202,313,158,7931,279,0.7821782178217822,0.03517841381919052,0.05373171031599656,-77.0,0.006404548841293027,2023,3,Monday,False
2023-03-21,110,272,193,8050,221,1.7545454545454546,0.02745341614906832,0.05073529411764706,-111.0,0.005862615055241997,2023,3,Tuesday,False
2023-03-22,166,277,229,8097,246,1.3795180722891567,0.030381622823267878,0.057485174875953046,-80.0,0.005958601105637064,2023,3,Wednesday,False
2023-03-23,136,276,178,8102,331,1.3088235294117647,0.040854110096272524,0.061786841466375336,-195.0,0.0048338219564516985,2023,3,Thursday,False
2023-03-26,87,246,173,7847,352,1.9885057471264367,0.04485790748056582,0.0661709100075624,-265.0,0.006046027210029387,2023,3,Sunday,True
2023-03-27,84,171,157,7994,235,1.869047619047619,0.02939704778583938,0.04852686308492201,-151.0,0.006520757465716535,2023,3,Monday,False
2023-03-28,167,209,157,8079,223,0.9401197604790419,0.02760242604282708,0.04608294930875576,-56.0,0.006874939551964013,2023,3,Tuesday,False
2023-03-29,109,245,159,8208,267,1.4587155963302751,0.03252923976608187,0.051220391968257784,-158.0,0.006851260774483031,2023,3,Wednesday,False
2023-03-30,156,256,176,8158,359,1.1282051282051282,0.04400588379504781,0.0643492903536204,-203.0,0.007337643151511437,2023,3,Thursday,False
2023-04-02,125,232,192,7981,304,1.536,0.03809046485402832,0.061189242536392796,-179.0,0.00698312642869735,2023,4,Sunday,True
2023-04-03,118,139,168,8054,284,1.423728813559322,0.03526198162403774,0.05531081742535487,-166.0,0.006753104530295882,2023,4,Monday,False
2023-04-04,142,235,139,8068,259,0.9788732394366197,0.03210213187902826,0.04847746650426309,-117.0,0.005570511501322205,2023,4,Tuesday,False
2023-04-05,148,245,175,8175,260,1.1824324324324325,0.031804281345565746,0.05226480836236934,-112.0,0.005296373611058481,2023,4,Wednesday,False
2023-04-06,119,219,210,8178,284,1.7647058823529411,0.0347273171924676,0.05953959262383994,-165.0,0.004353991549050317,2023,4,Thursday,False
2023-04-09,105,210,149,7900,329,1.4190476190476191,0.04164556962025316,0.05971267957526546,-224.0,0.004668298900781249,2023,4,Sunday,True
2023-04-10,143,203,163,7826,265,1.1398601398601398,0.03386148734985944,0.05370811896097377,-122.0,0.0034851111069401698,2023,4,Monday,False
2023-04-11,119,209,152,7922,187,1.2773109243697478,0.023605150214592276,0.04215893545578908,-68.0,0.005377598131982431,2023,4,Tuesday,False
2023-04-12,155,212,181,7876,283,1.167741935483871,0.035931945149822245,0.057776117544515004,-128.0,0.005424368438433989,2023,4,Wednesday,False
2023-04-13,109,214,173,7795,370,1.5871559633027523,0.04746632456703015,0.06869939271255061,-261.0,0.00752255606448954,2023,4,Thursday,False
2023-04-16,191,283,192,7380,272,1.0052356020942408,0.03685636856368564,0.06128648791441025,-81.0,0.007340365688175971,2023,4,Sunday,True
2023-04-17,170,297,196,7344,248,1.1529411764705881,0.03376906318082789,0.059089699228107535,-78.0,0.007383374834948803,2023,4,Monday,False
2023-04-18,152,272,214,7376,234,1.4078947368421053,0.03172451193058568,0.05951115834218916,-82.0,0.007102246867879843,2023,4,Tuesday,False
2023-04-19,239,367,224,7356,229,0.9372384937238494,0.0311310494834149,0.05964450296247531,10.0,0.007232638399774474,2023,4,Wednesday,False
2023-04-20,113,280,237,7490,320,2.0973451327433628,0.042723631508678236,0.07326055504406155,-207.0,0.006001772794486756,2023,4,Thursday,False
2023-04-23,196,306,187,7534,266,0.9540816326530612,0.03530661003451022,0.05860284605433377,-70.0,0.006026418816061694,2023,4,Sunday,True
2023-04-24,236,330,222,7796,213,0.940677966101695,0.027321703437660338,0.05415836653386454,23.0,0.004897795514056131,2023,4,Monday,False
2023-04-25,81,230,242,8017,202,2.9876543209876543,0.025196457527753523,0.054828352679673995,-121.0,0.005724608350836391,2023,4,Tuesday,False
2023-04-26,118,245,160,8117,256,1.3559322033898304,0.03153874584205987,0.05051608986035216,-138.0,0.005701189323878103,2023,4,Wednesday,False
2023-04-27,218,283,208,8159,310,0.9541284403669725,0.03799485231033215,0.06183597946758983,-92.0,0.006104343966195276,2023,4,Thursday,False
2023-04-30,132,243,183,8352,293,1.3863636363636365,0.03508141762452107,0.056105610561056105,-161.0,0.006082044695392661,2023,4,Sunday,True
2023-05-01,224,315,152,8492,237,0.6785714285714286,0.027908619877531796,0.04463056447911886,-13.0,0.0048233629008722825,2023,5,Monday,False
2023-05-02,167,326,213,8654,245,1.2754491017964071,0.028310607811416685,0.05192155084457545,-78.0,0.004618367322468252,2023,5,Tuesday,False
2023-05-03,209,353,232,8704,267,1.1100478468899522,0.030675551470588234,0.055985638954336364,-58.0,0.004405293831107138,2023,5,Wednesday,False
2023-05-04,153,253,286,8790,332,1.869281045751634,0.03777019340159272,0.06910432740691043,-179.0,0.004224212649429876,2023,5,Thursday,False
2023-05-07,180,337,219,8485,375,1.2166666666666666,0.04419563936358279,0.06855164454702828,-195.0,0.005966652247808477,2023,5,Sunday,True
2023-05-08,133,287,189,8590,261,1.4210526315789473,0.03038416763678696,0.05158775650578929,-128.0,0.005930248213078537,2023,5,Monday,False
2023-05-09,187,310,247,8606,250,1.320855614973262,0.029049500348594003,0.05652223359490504,-63.0,0.006093929739577885,2023,5,Tuesday,False
2023-05-10,168,285,210,8681,304,1.25,0.03501900702684022,0.058085659396541985,-136.0,0.005762585894907413,2023,5,Wednesday,False
2023-05-11,269,412,204,8672,392,0.758364312267658,0.045202952029520294,0.06665921037915222,-123.0,0.006635044975526318,2023,5,Thursday,False
2023-05-14,100,255,236,8445,288,2.36,0.03410301953818828,0.06132241076653013,-188.0,0.0062905039262947165,2023,5,Sunday,True
2023-05-15,205,294,177,8571,277,0.8634146341463415,0.03231828258079571,0.051731996353691884,-72.0,0.006447214978988512,2023,5,Monday,False
2023-05-16,161,304,211,8572,272,1.31055900621118,0.03173121791880541,0.05530745448299553,-111.0,0.005355792820064445,2023,5,Tuesday,False
2023-05-17,57,162,193,8569,307,3.3859649122807016,0.03582681759831952,0.05796429399489914,-250.0,0.005138687929414921,2023,5,Wednesday,False
2023-05-18,80,122,152,8474,351,1.9,0.041420816615529855,0.05880289922843114,-271.0,0.0049761724436466915,2023,5,Thursday,False
2023-05-21,107,170,133,7826,343,1.2429906542056075,0.04382826475849732,0.06000252111433253,-236.0,0.005607887014508572,2023,5,Sunday,True
2023-05-22,99,156,139,7848,240,1.404040404040404,0.03058103975535168,0.04769095256071473,-141.0,0.0050785937493708294,2023,5,Monday,False
2023-05-23,25,66,94,7788,246,3.76,0.031587057010785825,0.04351721489824651,-221.0,0.005293852719141345,2023,5,Tuesday,False
2023-05-24,35,70,53,7709,276,1.5142857142857142,0.0358023089894928,0.042484504132231406,-241.0,0.005124845676072456,2023,5,Wednesday,False
2023-05-25,43,73,64,7546,408,1.4883720930232558,0.05406838059899284,0.06219528264593491,-365.0,0.008188931943941128,2023,5,Thursday,False
2023-05-29,41,60,71,6996,207,1.7317073170731707,0.029588336192109776,0.03950547108142675,-166.0,0.00890230848327448,2023,5,Monday,False
2023-05-30,65,83,65,7046,168,1.0,0.023843315356230486,0.03276613697089017,-103.0,0.010201947273205132,2023,5,Tuesday,False
2023-05-31,38,80,82,7053,210,2.1578947368421053,0.029774564015312633,0.04117895924411225,-172.0,0.00968582161869508,2023,5,Wednesday,False
2023-06-01,56,82,68,7002,287,1.2142857142857142,0.040988289060268496,0.05029753471238311,-231.0,0.009939456279467504,2023,6,Thursday,False
2023-06-04,74,103,80,6555,292,1.0810810810810811,0.04454614797864226,0.056117061396892445,-218.0,0.010374900289382734,2023,6,Sunday,True
2023-06-05,68,107,102,6523,189,1.5,0.02897439828299862,0.044151115157032315,-121.0,0.010811944761975029,2023,6,Monday,False
2023-06-06,92,124,93,6508,187,1.0108695652173914,0.028733866011063307,0.04242424242424243,-95.0,0.007466151578328327,2023,6,Tuesday,False
2023-06-07,113,162,107,6483,208,0.9469026548672567,0.032083911769242635,0.04775621588841722,-95.0,0.007371291213676731,2023,6,Wednesday,False
2023-06-08,106,196,131,6446,255,1.2358490566037736,0.0395594166925225,0.05891330891330891,-149.0,0.0065719281042261055,2023,6,Thursday,False
2023-06-11,86,152,168,6007,238,1.9534883720930232,0.039620442816713834,0.06663384211390119,-152.0,0.006328385387050817,2023,6,Sunday,True
2023-06-12,84,118,136,6021,177,1.619047619047619,0.029397110114598904,0.05126945126945127,-93.0,0.0064305665026647505,2023,6,Monday,False
2023-06-13,59,64,117,6061,146,1.9830508474576272,0.024088434251773636,0.04297385620915033,-87.0,0.005831993802910243,2023,6,Tuesday,False
2023-06-14,62,97,52,6065,167,0.8387096774193549,0.027535037098103874,0.03574343071650073,-105.0,0.005971100656546,2023,6,Wednesday,False
2023-06-15,91,75,97,6038,272,1.065934065934066,0.045048029148724744,0.06020558002936858,-181.0,0.0076309090369126,2023,6,Thursday,False
2023-06-19,29,51,11,5679,142,0.3793103448275862,0.02500440218348301,0.02680448493342677,-113.0,0.008347890926761043,2023,6,Monday,False
2023-06-20,33,53,34,5904,134,1.0303030303030303,0.022696476964769646,0.02829711975745326,-101.0,0.008534615907868831,2023,6,Tuesday,False
2023-06-21,93,196,169,5922,149,1.8172043010752688,0.025160418777440054,0.05286783042394015,-56.0,0.007659869432014651,2023,6,Wednesday,False
2023-06-22,124,234,161,5956,207,1.2983870967741935,0.03475486903962391,0.060526315789473685,-83.0,0.008032559477046846,2023,6,Thursday,False
2023-06-25,92,203,173,5766,263,1.8804347826086956,0.0456122095039889,0.07442813246841926,-171.0,0.00970286512403553,2023,6,Sunday,True
2023-06-26,186,259,172,5819,174,0.9247311827956989,0.02990204502491837,0.05761865112406328,12.0,0.009550860559971569,2023,6,Monday,False
2023-06-27,154,225,220,5917,155,1.4285714285714286,0.026195707284096672,0.0617690660517213,-1.0,0.007984215932402118,2023,6,Tuesday,False
2023-06-28,91,199,172,5999,174,1.89010989010989,0.02900483413902317,0.05681444991789819,-83.0,0.007713673958275095,2023,6,Wednesday,False
2023-06-29,81,213,153,6058,213,1.8888888888888888,0.035160118851105975,0.059618830428408535,-132.0,0.007026760619234394,2023,6,Thursday,False
2023-07-02,209,285,184,5903,309,0.8803827751196173,0.05234626461121464,0.0806609947643979,-100.0,0.009521520798548977,2023,7,Sunday,True
2023-07-04,184,314,217,6127,124,1.1793478260869565,0.020238289538110004,0.0540326414197433,60.0,0.011289974374564141,2023,7,Tuesday,False
2023-07-05,107,215,230,6193,167,2.149532710280374,0.02696592927498789,0.06301587301587301,-60.0,0.010264782714048586,2023,7,Wednesday,False
2023-07-06,101,162,178,6239,205,1.7623762376237624,0.03285782978041353,0.06041009463722397,-104.0,0.010253590840647482,2023,7,Thursday,False
2023-07-09,99,190,176,6214,196,1.7777777777777777,0.03154168007724493,0.05892602566133376,-97.0,0.009959371754620073,2023,7,Sunday,True
2023-07-10,167,239,166,6346,163,0.9940119760479041,0.025685471162937283,0.05051435590357746,4.0,0.0102336480749246,2023,7,Monday,False
2023-07-11,115,216,169,6498,143,1.4695652173913043,0.02200677131425054,0.04717979736881899,-28.0,0.010774334271043656,2023,7,Tuesday,False
2023-07-12,84,158,193,6521,210,2.2976190476190474,0.032203649746971326,0.06101438304314913,-126.0,0.005058138984709817,2023,7,Wednesday,False
2023-07-13,130,227,192,6604,226,1.476923076923077,0.03422168382798304,0.062073062073062076,-96.0,0.004509626151609309,2023,7,Thursday,False
2023-07-16,88,214,160,6468,218,1.8181818181818181,0.03370439084724799,0.05765710799267846,-130.0,0.004632260722055292,2023,7,Sunday,True
2023-07-17,113,208,159,6632,160,1.407079646017699,0.024125452352231604,0.047294292068198664,-47.0,0.004995651011475978,2023,7,Monday,False
2023-07-18,174,285,150,6874,181,0.8620689655172413,0.026331102705848125,0.04696367763904654,-7.0,0.004953981584121995,2023,7,Tuesday,False
2023-07-19,104,230,206,7001,226,1.9807692307692308,0.03228110269961434,0.06080225193525686,-122.0,0.004995230693673576,2023,7,Wednesday,False
2023-07-20,147,276,214,7116,281,1.4557823129251701,0.0394884766722878,0.06815365551425032,-134.0,0.005128309139050949,2023,7,Thursday,False
2023-07-23,108,220,213,7052,276,1.9722222222222223,0.039137833238797506,0.06829608938547486,-168.0,0.005846550218614665,2023,7,Sunday,True
2023-07-24,180,280,146,7220,187,0.8111111111111111,0.025900277008310248,0.045,-7.0,0.006325196864041159,2023,7,Monday,False
2023-07-25,134,294,186,7510,136,1.3880597014925373,0.018109187749667112,0.04212454212454213,-2.0,0.007977541413560722,2023,7,Tuesday,False
2023-07-26,202,313,158,7647,215,0.7821782178217822,0.028115600889237608,0.04752197732195184,-13.0,0.007679926931281402,2023,7,Wednesday,False
2023-07-27,110,272,193,7754,259,1.7545454545454546,0.03340211503740005,0.05747711088504578,-149.0,0.007595439979191082,2023,7,Thursday,False
2023-07-30,166,277,229,7671,305,1.3795180722891567,0.03976013557554426,0.06813831823401811,-139.0,0.00831124091386027,2023,7,Sunday,True
2023-07-31,136,276,178,7800,220,1.3088235294117647,0.028205128205128206,0.05015120967741935,-84.0,0.007684594562862691,2023,7,Monday,False
2023-08-01,87,246,173,8103,168,1.9885057471264367,0.02073306182895224,0.041636141636141634,-81.0,0.00732728506127137,2023,8,Tuesday,False
2023-08-02,84,171,157,8261,271,1.869047619047619,0.03280474518823387,0.05128819652486519,-187.0,0.00750001878582391,2023,8,Wednesday,False
2023-08-03,167,209,157,8294,339,0.9401197604790419,0.04087292018326501,0.05862191230351022,-172.0,0.007047385428124952,2023,8,Thursday,False
2023-08-06,109,245,159,8298,322,1.4587155963302751,0.03880453121234032,0.057214226240038066,-213.0,0.007225068207100295,2023,8,Sunday,True
2023-08-07,156,256,176,8493,202,1.1282051282051282,0.023784292947132933,0.043704474505723206,-46.0,0.008109741934406337,2023,8,Monday,False
2023-08-08,125,232,192,8725,207,1.536,0.02372492836676218,0.04508474576271186,-82.0,0.00785867172535493,2023,8,Tuesday,False
2023-08-09,118,139,168,8888,251,1.423728813559322,0.02824032403240324,0.046524539196091494,-133.0,0.007857457278686832,2023,8,Wednesday,False
2023-08-10,142,235,139,8914,353,0.9788732394366197,0.03960062822526363,0.054328621908127206,-211.0,0.0074325767913676465,2023,8,Thursday,False
2023-08-16,148,245,175,9634,288,1.1824324324324325,0.029894124974050237,0.04733183398078103,-140.0,0.007496922237705665,2023,8,Wednesday,False
2023-08-17,119,219,210,9694,407,1.7647058823529411,0.04198473282442748,0.06287577703046979,-288.0,0.007721397129866391,2023,8,Thursday,False
2023-08-20,105,210,149,9483,390,1.4190476190476191,0.041126225877886745,0.05621610346266166,-285.0,0.008088955551098067,2023,8,Sunday,True
2023-08-21,143,203,163,9668,281,1.1398601398601398,0.029064956557716178,0.04525532565487718,-138.0,0.007338814356089316,2023,8,Monday,False
2023-08-22,119,209,152,9921,230,1.2773109243697478,0.023183146860195545,0.03804780876494024,-111.0,0.00745943387987659,2023,8,Tuesday,False
2023-08-23,155,212,181,10071,285,1.167741935483871,0.02829907655644921,0.04557011539213769,-130.0,0.007452823206648474,2023,8,Wednesday,False
2023-08-24,109,214,173,10026,443,1.5871559633027523,0.044185118691402354,0.06077947705969413,-334.0,0.008256144652974712,2023,8,Thursday,False
2023-08-27,191,283,192,9873,488,1.0052356020942408,0.049427732198926363,0.06756756756756757,-297.0,0.0098072856020283,2023,8,Sunday,True
2023-08-28,170,297,196,10012,388,1.1529411764705881,0.03875349580503396,0.05735611864073856,-218.0,0.009593717516078978,2023,8,Monday,False
2023-08-29,152,272,214,10180,286,1.4078947368421053,0.028094302554027506,0.04839334107626791,-134.0,0.009762100253706756,2023,8,Tuesday,False
2023-08-30,239,367,224,10280,366,0.9372384937238494,0.035603112840466924,0.05608898184238045,-127.0,0.009471724428940245,2023,8,Wednesday,False
2023-08-31,113,280,237,10140,505,2.0973451327433628,0.04980276134122288,0.0723690627133522,-392.0,0.009102858747166216,2023,8,Thursday,False
2023-09-04,196,306,187,9988,293,0.9540816326530612,0.02933520224269123,0.04713275726630008,-97.0,0.008902924170474426,2023,9,Monday,False
2023-09-05,236,330,222,10142,243,0.940677966101695,0.023959771248274503,0.04480632106378878,-7.0,0.01024028494146311,2023,9,Tuesday,False
2023-09-06,81,230,242,10356,291,2.9876543209876543,0.02809965237543453,0.05106831464980358,-210.0,0.008798158193024175,2023,9,Wednesday,False
2023-09-07,118,245,160,10419,398,1.3559322033898304,0.03819944332469527,0.05295624940685204,-280.0,0.008744068432462506,2023,9,Thursday,False
2023-09-10,218,283,208,10282,382,0.9541284403669725,0.03715230499902743,0.05619047619047619,-164.0,0.00851261023065016,2023,9,Sunday,True
2023-09-11,132,243,183,10492,277,1.3863636363636365,0.02640106747998475,0.043298192771084335,-145.0,0.00902571423503096,2023,9,Monday,False
2023-09-12,224,315,152,10649,316,0.6785714285714286,0.02967414780730585,0.04304239860204175,-92.0,0.005336121171259085,2023,9,Tuesday,False
2023-09-13,167,326,213,10678,343,1.2754491017964071,0.03212212024723731,0.05126786537574919,-176.0,0.005347122108659042,2023,9,Wednesday,False
2023-09-14,209,353,232,10837,414,1.1100478468899522,0.038202454553843315,0.05848270867282274,-205.0,0.005009060565190695,2023,9,Thursday,False
2023-09-17,153,253,286,10799,427,1.869281045751634,0.03954069821279748,0.06510226442658876,-274.0,0.005072263036476165,2023,9,Sunday,True
2023-09-18,180,337,219,10892,313,1.2166666666666666,0.028736687477047374,0.04804913294797688,-133.0,0.005172738182794213,2023,9,Monday,False
2023-09-19,133,287,189,11095,260,1.4210526315789473,0.023433979269941414,0.03998931243320271,-127.0,0.005932635280726096,2023,9,Tuesday,False
2023-09-20,187,310,247,11064,364,1.320855614973262,0.03289949385394071,0.05430628388587681,-177.0,0.0055608602235297415,2023,9,Wednesday,False
2023-09-21,168,285,210,11067,428,1.25,0.03867353392970091,0.05678682688028482,-260.0,0.005937567220543227,2023,9,Thursday,False
2023-09-24,269,412,204,10744,403,0.758364312267658,0.03750930752047654,0.055116680286933624,-134.0,0.006095486384148045,2023,9,Sunday,True
2023-09-25,100,255,236,10842,284,2.36,0.026194429072126914,0.04752330469749589,-184.0,0.006442240257386719,2023,9,Monday,False
2023-09-26,205,294,177,10978,332,0.8634146341463415,0.03024230278739297,0.04551551462040598,-127.0,0.00563958025480608,2023,9,Tuesday,False
2023-09-27,161,304,211,11017,331,1.31055900621118,0.030044476717799765,0.04848810162819825,-170.0,0.005569523941372331,2023,9,Wednesday,False
2023-09-28,57,162,193,10984,447,3.3859649122807016,0.040695557174071376,0.05796576397065483,-390.0,0.00533009048229704,2023,9,Thursday,False
2023-10-01,80,122,152,10598,493,1.9,0.046518210983204376,0.060404570144221764,-413.0,0.007144134994591604,2023,10,Sunday,True
2023-10-02,107,170,133,10724,284,1.2429906542056075,0.02648265572547557,0.03850060012925861,-177.0,0.007757159979169758,2023,10,Monday,False
2023-10-03,99,156,139,10818,287,1.404040404040404,0.026529857644666296,0.03902170926078593,-188.0,0.008024189677488422,2023,10,Tuesday,False
2023-10-04,25,66,94,10963,330,3.76,0.030101249657940345,0.03858755005460503,-305.0,0.0076487870643925015,2023,10,Wednesday,False
2023-10-05,35,70,53,11130,427,1.5142857142857142,0.038364779874213835,0.042991491267353334,-392.0,0.007785346866263056,2023,10,Thursday,False
2023-10-09,43,73,64,10815,282,1.4883720930232558,0.0260748959778086,0.03186590532326395,-239.0,0.00826050263078226,2023,10,Monday,False
2023-10-10,41,60,71,10910,257,1.7317073170731707,0.023556370302474795,0.029951602593370468,-216.0,0.00832525382373042,2023,10,Tuesday,False
2023-10-11,65,83,65,10960,266,1.0,0.02427007299270073,0.030022675736961452,-201.0,0.005059921851562833,2023,10,Wednesday,False
2023-10-12,38,80,82,10992,398,2.1578947368421053,0.03620815138282387,0.043517679057116954,-360.0,0.0058722400467871964,2023,10,Thursday,False
2023-10-15,56,82,68,10571,434,1.2142857142857142,0.04105571847507331,0.04723816693328314,-378.0,0.00715608342972106,2023,10,Sunday,True
2023-10-16,74,103,80,10629,331,1.0810810810810811,0.031141217424028603,0.03840044847239092,-257.0,0.007135977347838809,2023,10,Monday,False
2023-10-17,68,107,102,10630,315,1.5,0.029633113828786452,0.03897924845765564,-247.0,0.006473387876815513,2023,10,Tuesday,False
2023-10-18,92,124,93,10511,393,1.0108695652173914,0.037389401579297876,0.04583608412713383,-301.0,0.006659167161718482,2023,10,Wednesday,False
2023-10-19,113,162,107,10319,406,0.9469026548672567,0.03934489776141099,0.049175613496932516,-293.0,0.006006574220228531,2023,10,Thursday,False
2023-10-22,106,196,131,9506,454,1.2358490566037736,0.047759309909530825,0.060861423220973786,-348.0,0.00612784893779341,2023,10,Sunday,True
2023-10-23,86,152,168,9436,327,1.9534883720930232,0.03465451462484104,0.05198487712665406,-241.0,0.006210212067722528,2023,10,Monday,False
2023-10-24,84,118,136,9396,300,1.619047619047619,0.031928480204342274,0.0459915611814346,-216.0,0.0062440583088400215,2023,10,Tuesday,False
2023-10-25,59,64,117,9351,293,1.9830508474576272,0.03133354721420169,0.04357066950053135,-234.0,0.0062195994697085664,2023,10,Wednesday,False
2023-10-26,62,97,52,9235,390,0.8387096774193549,0.04223064428803465,0.047542217919759065,-328.0,0.005881572347458839,2023,10,Thursday,False
2023-10-29,91,75,97,8925,418,1.065934065934066,0.046834733893557426,0.0571206743566992,-327.0,0.006784297938490071,2023,10,Sunday,True
2023-10-30,29,51,11,9026,278,0.3793103448275862,0.030799911367161533,0.03191606847045831,-249.0,0.007477782863600586,2023,10,Monday,False
2023-10-31,33,53,34,9072,295,1.0303030303030303,0.03251763668430335,0.03613399231191653,-262.0,0.006260064341181781,2023,10,Tuesday,False
2023-11-01,132,235,197,9250,279,1.4924242424242424,0.03016216216216216,0.05073545086335536,-147.0,0.0066122958425994804,2023,11,Wednesday,False
2023-11-02,174,208,256,9442,330,1.471264367816092,0.03495022241050625,0.06094009983361065,-156.0,0.006466603132166307,2023,11,Thursday,False
2023-11-05,123,230,167,9273,370,1.3577235772357723,0.039900787231748086,0.05715197956577267,-247.0,0.006345851547609215,2023,11,Sunday,True
2023-11-06,123,233,159,9286,316,1.2926829268292683,0.034029722162395006,0.050483579551493254,-193.0,0.005912076502014436,2023,11,Monday,False
2023-11-07,141,232,188,9483,231,1.3333333333333333,0.024359379943055995,0.04353699085619285,-90.0,0.00478981785521686,2023,11,Tuesday,False
2023-11-08,158,226,191,9634,310,1.2088607594936709,0.03217770396512352,0.05116421568627451,-152.0,0.004741723269855017,2023,11,Wednesday,False
2023-11-12,96,160,233,9477,313,2.4270833333333335,0.03302732932362562,0.057035412096521465,-217.0,0.004744422369179011,2023,11,Sunday,True
2023-11-13,141,173,129,9510,287,0.9148936170212766,0.030178759200841218,0.04310434151901357,-146.0,0.004742971020011382,2023,11,Monday,False
2023-11-14,116,181,182,9665,247,1.5689655172413792,0.025556130367304707,0.04386054595644617,-131.0,0.005285167510419507,2023,11,Tuesday,False
2023-11-15,150,157,201,9762,316,1.34,0.03237041589838148,0.0521589991928975,-166.0,0.003806761327258806,2023,11,Wednesday,False
2023-11-16,80,176,125,9762,374,1.5625,0.03831182134808441,0.05070107701686649,-294.0,0.004745131358362406,2023,11,Thursday,False
2023-11-19,116,188,164,9573,435,1.4137931034482758,0.04544030084612974,0.06182268551966147,-319.0,0.006353082314103177,2023,11,Sunday,True
2023-11-20,105,185,158,9638,298,1.5047619047619047,0.03091927785847686,0.046802832803038076,-193.0,0.006426205324020955,2023,11,Monday,False
2023-11-21,136,246,123,9804,250,0.9044117647058824,0.025499796001631988,0.0375251509054326,-114.0,0.007144535579351012,2023,11,Tuesday,False
2023-11-23,128,228,177,9838,283,1.3828125,0.028766009351494207,0.04615693357415212,-155.0,0.0072439534012828976,2023,11,Thursday,False
2023-11-26,90,196,205,9845,312,2.2777777777777777,0.031691213814118845,0.05203824861600403,-222.0,0.006620979370379369,2023,11,Sunday,True
2023-11-27,56,82,68,10123,214,1.2142857142857142,0.02113997826731206,0.02770409666961391,-158.0,0.008079645915382277,2023,11,Monday,False
2023-11-28,74,103,80,10223,223,1.0810810810810811,0.021813557664090776,0.029426046421287752,-149.0,0.008228047668261422,2023,11,Tuesday,False
2023-11-29,68,107,102,10398,284,1.5,0.027312944797076362,0.036881330021020446,-216.0,0.00415495380659344,2023,11,Wednesday,False
2023-11-30,92,124,93,10536,320,1.0108695652173914,0.030372057706909643,0.038859616108392926,-228.0,0.004067323615815541,2023,11,Thursday,False
2023-12-03,132,235,197,10579,417,1.4924242424242424,0.039417714339729654,0.05732424610213799,-285.0,0.006232929899087984,2023,12,Sunday,True
2023-12-04,174,208,256,10635,273,1.471264367816092,0.025669957686882933,0.048940697566842446,-99.0,0.0063319561725784625,2023,12,Monday,False
2023-12-05,123,230,167,10761,261,1.3577235772357723,0.024254251463618624,0.03932377802278574,-138.0,0.006272668146666401,2023,12,Tuesday,False
2023-12-06,123,233,159,10832,376,1.2926829268292683,0.03471196454948301,0.048836147877681424,-253.0,0.0062061350459618235,2023,12,Wednesday,False
2023-12-07,141,232,188,10897,466,1.3333333333333333,0.04276406350371662,0.05924986410581627,-325.0,0.007105055734897521,2023,12,Thursday,False
2023-12-10,158,226,191,10871,411,1.2088607594936709,0.03780700947474933,0.05458337111252153,-253.0,0.007040402051083573,2023,12,Sunday,True
2023-12-11,96,160,233,10998,304,2.4270833333333335,0.027641389343517002,0.04840454299621417,-208.0,0.007317392639119585,2023,12,Monday,False
2023-12-12,141,173,129,11077,259,0.9148936170212766,0.02338178207095784,0.03458727045819219,-118.0,0.007546021304997107,2023,12,Tuesday,False
2023-12-13,116,181,182,11192,335,1.5689655172413792,0.029932094353109364,0.04571984435797665,-219.0,0.007219507623913134,2023,12,Wednesday,False
2023-12-14,150,157,201,11242,396,1.34,0.03522504892367906,0.05240519662921348,-246.0,0.006543853861051413,2023,12,Thursday,False
2023-12-17,80,176,125,11092,456,1.5625,0.04111071042192571,0.05200501253132832,-376.0,0.00722367287608462,2023,12,Sunday,True
2023-12-18,116,188,164,11149,364,1.4137931034482758,0.03264866804197686,0.04687083888149134,-248.0,0.00609767876442046,2023,12,Monday,False
2023-12-19,105,185,158,11291,272,1.5047619047619047,0.024089983172438226,0.037732537732537735,-167.0,0.006321147992976658,2023,12,Tuesday,False
2023-12-20,136,246,123,11516,390,0.9044117647058824,0.033865925668634944,0.04402677651905252,-254.0,0.006277237934008454,2023,12,Wednesday,False
2023-12-21,128,228,177,11375,497,1.3828125,0.04369230769230769,0.05859341041467443,-369.0,0.00660384285026704,2023,12,Thursday,False
2023-12-25,90,196,205,11144,347,2.2777777777777777,0.031137832017229004,0.04913654975965818,-257.0,0.006483535070623384,2023,12,Monday,False
2023-12-26,56,82,68,11217,288,1.2142857142857142,0.025675314255148435,0.0315798811319081,-232.0,0.007271823847708541,2023,12,Tuesday,False
2023-12-27,74,103,80,11206,335,1.0810810810810811,0.029894699268249152,0.03679078014184397,-261.0,0.006417118845833933,2023,12,Wednesday,False
2023-12-28,68,107,102,11230,357,1.5,0.031789848619768475,0.040626659585767395,-289.0,0.006401295982512435,2023,12,Thursday,False
2024-01-01,92,124,93,10870,290,1.0108695652173914,0.02667893284268629,0.03493887976646597,-198.0,0.005965152660771144,2024,1,Monday,False
2024-01-02,113,162,107,10770,316,0.9469026548672567,0.02934076137418756,0.0388679592024258,-203.0,0.005951570425313623,2024,1,Tuesday,False
2024-01-03,106,196,131,10718,263,1.2358490566037736,0.02453816010449711,0.03640059127864006,-157.0,0.002810587671121122,2024,1,Wednesday,False
2024-01-04,86,152,168,10558,362,1.9534883720930232,0.03428679674180716,0.049793310785419015,-276.0,0.003485890216710757,2024,1,Thursday,False
2024-01-07,84,118,136,9670,367,1.619047619047619,0.03795243019648397,0.051568587246257944,-283.0,0.004532455380298427,2024,1,Sunday,True
2024-01-08,59,64,117,9670,367,1.9830508474576272,0.03795243019648397,0.04974817555761127,-308.0,0.005274088112852247,2024,1,Monday,False
2024-01-09,62,97,52,9311,286,0.8387096774193549,0.030716356997100205,0.036061026352288486,-224.0,0.005289722524712597,2024,1,Tuesday,False
2024-01-10,91,75,97,9144,349,1.065934065934066,0.038167104111986004,0.04829453167298322,-258.0,0.005276840283158109,2024,1,Wednesday,False
2024-01-11,29,51,11,8829,476,0.3793103448275862,0.053913240457582966,0.05497855046285843,-447.0,0.009046795126812788,2024,1,Thursday,False
2024-01-15,33,53,34,8033,234,1.0303030303030303,0.029129839412423753,0.03322588643689561,-201.0,0.008130499446964153,2024,1,Monday,False
2024-01-16,32,49,39,8133,188,1.21875,0.02311570146317472,0.027801592161665646,-156.0,0.009782358778147215,2024,1,Tuesday,False
2024-01-17,80,176,125,8072,353,1.5625,0.04373141724479683,0.05863591756624141,-273.0,0.010223319848622153,2024,1,Wednesday,False
2024-01-18,116,188,164,8042,359,1.4137931034482758,0.044640636657547875,0.0641088502083844,-243.0,0.010665558028307091,2024,1,Thursday,False
2024-01-21,105,185,158,7974,371,1.5047619047619047,0.04652621018309506,0.06547840079217725,-266.0,0.01063125977366007,2024,1,Sunday,True
2024-01-22,136,246,123,8008,222,0.9044117647058824,0.027722277722277724,0.042362475442043225,-86.0,0.011601902345525206,2024,1,Monday,False
2024-01-23,128,228,177,8133,202,1.3828125,0.024837083487028157,0.0458782229754267,-74.0,0.010246710285091979,2024,1,Tuesday,False
2024-01-24,90,196,205,8212,243,2.2777777777777777,0.02959084266926449,0.05396290050590219,-153.0,0.01020978240664156,2024,1,Wednesday,False
2024-01-25,102,189,155,8180,293,1.5196078431372548,0.03581907090464548,0.05409321419946873,-191.0,0.008938404236962882,2024,1,Thursday,False
2024-01-28,120,257,126,8004,307,1.05,0.03835582208895552,0.05329886755292959,-187.0,0.008389972189994245,2024,1,Sunday,True
2024-01-29,137,272,166,8057,195,1.2116788321167884,0.024202556782921682,0.044056626800097635,-58.0,0.008173847545132066,2024,1,Monday,False
2024-01-30,93,198,208,8182,187,2.236559139784946,0.02285504766560743,0.04773413897280967,-94.0,0.005973520121453716,2024,1,Tuesday,False
2024-01-31,203,477,258,8153,266,1.270935960591133,0.03262602722924077,0.0627094303494495,-63.0,0.006077852032123604,2024,1,Wednesday,False
2024-02-01,222,459,289,8026,337,1.3018018018018018,0.04198853725392474,0.07589718719689621,-115.0,0.007130725879869637,2024,2,Thursday,False
2024-02-04,253,531,248,7813,342,0.9802371541501976,0.04377319851529502,0.0731465410364493,-89.0,0.008198851181352773,2024,2,Sunday,True
2024-02-05,157,466,345,7872,242,2.1974522292993632,0.030741869918699188,0.07310997633578278,-85.0,0.008259350118274026,2024,2,Monday,False
2024-02-06,291,455,323,8045,178,1.1099656357388317,0.022125543816034803,0.06010076775431862,113.0,0.008922522094459763,2024,2,Tuesday,False
2024-02-07,227,453,330,8160,222,1.4537444933920705,0.027205882352941177,0.06581614403243115,5.0,0.008596932038659726,2024,2,Wednesday,False
2024-02-08,298,499,358,8188,315,1.2013422818791946,0.03847093307278945,0.0793070940372378,-17.0,0.007945904475557913,2024,2,Thursday,False
2024-02-11,205,515,226,8056,347,1.102439024390244,0.04307348560079444,0.06936206270427309,-142.0,0.008629985984874109,2024,2,Sunday,True
2024-02-12,213,430,440,8092,234,2.0657276995305165,0.028917449332674247,0.08115593016255268,-21.0,0.0083615826460922,2024,2,Monday,False
2024-02-13,227,369,349,8348,160,1.5374449339207048,0.019166267369429803,0.05935860058309038,67.0,0.008481019999506761,2024,2,Tuesday,False
2024-02-14,185,322,272,8512,230,1.4702702702702704,0.027020676691729324,0.0577210532367483,-45.0,0.00854006808698305,2024,2,Wednesday,False
2024-02-15,333,508,272,8463,312,0.8168168168168168,0.03686635944700461,0.06639381537062301,21.0,0.008252521050186075,2024,2,Thursday,False
2024-02-19,249,420,371,8380,218,1.4899598393574298,0.026014319809069212,0.06825819909607139,31.0,0.008368097038571574,2024,2,Monday,False
2024-02-20,149,395,273,8488,192,1.832214765100671,0.022620169651272386,0.053838138242445294,-43.0,0.008267609005264923,2024,2,Tuesday,False
2024-02-21,232,430,318,8573,231,1.3706896551724137,0.026945060072320073,0.062350936967632026,1.0,0.005511302341021446,2024,2,Wednesday,False
2024-02-22,165,400,292,8607,293,1.7696969696969698,0.0340420587893575,0.06668946648426813,-128.0,0.006144532128627046,2024,2,Thursday,False
2024-02-25,244,482,366,8404,329,1.5,0.03914802475011899,0.08036540240518039,-85.0,0.006254595455250646,2024,2,Sunday,True
2024-02-26,199,438,326,8404,329,1.6381909547738693,0.03914802475011899,0.07613623154713473,-130.0,0.0068229290453389055,2024,2,Monday,False
2024-02-27,197,369,306,8650,206,1.5532994923857868,0.023815028901734103,0.057872725217587885,-9.0,0.007085385601590286,2024,2,Tuesday,False
2024-02-28,209,447,274,8699,257,1.3110047846889952,0.02954362570410392,0.059609339919173776,-48.0,0.00685580219426827,2024,2,Wednesday,False
2024-02-29,262,444,354,8724,299,1.3511450381679388,0.03427326914259514,0.0726685955931449,-37.0,0.005900455499115344,2024,2,Thursday,False
2024-03-03,236,468,347,8594,354,1.4703389830508475,0.04119152897370258,0.07938844847112118,-118.0,0.006150390715699209,2024,3,Sunday,True
2024-03-04,225,509,340,8660,229,1.511111111111111,0.02644341801385681,0.06404051772650535,-4.0,0.006863907983661996,2024,3,Monday,False
2024-03-05,246,472,345,8800,214,1.4024390243902438,0.02431818181818182,0.061795268627017466,32.0,0.007067493082781423,2024,3,Tuesday,False
2024-03-06,230,457,277,8870,232,1.2043478260869565,0.026155580608793687,0.055934065934065934,-2.0,0.00631259910755592,2024,3,Wednesday,False
2024-03-07,181,424,328,8902,305,1.8121546961325967,0.03426196360368457,0.06969063084883849,-124.0,0.0060017528954796565,2024,3,Thursday,False
2024-03-10,190,368,326,8714,373,1.7157894736842105,0.04280468212072527,0.07850404312668463,-183.0,0.007430922914248711,2024,3,Sunday,True
2024-03-11,178,336,290,8757,253,1.6292134831460674,0.02889117277606486,0.06077224398433128,-75.0,0.00752827100938035,2024,3,Monday,False
2024-03-12,154,294,290,8843,213,1.8831168831168832,0.02408684835463078,0.05590752473046571,-59.0,0.00679107683343917,2024,3,Tuesday,False
2024-03-13,165,358,167,8819,239,1.0121212121212122,0.027100578296859055,0.04519145146927872,-74.0,0.0067451027629677135,2024,3,Wednesday,False
2024-03-14,166,301,252,8695,310,1.5180722891566265,0.03565267395054629,0.0634239927773389,-144.0,0.006608149543401494,2024,3,Thursday,False
2024-03-17,127,260,259,8373,342,2.0393700787401574,0.04084557506270154,0.07070588235294117,-215.0,0.007029055011556684,2024,3,Sunday,True
2024-03-18,123,243,188,8333,283,1.5284552845528456,0.033961358454338175,0.055700094607379375,-160.0,0.00702366805027041,2024,3,Monday,False
2024-03-19,99,202,256,8390,197,2.585858585858586,0.023480333730631704,0.05336317587466133,-98.0,0.006455904068186294,2024,3,Tuesday,False
2024-03-20,91,181,174,8365,227,1.9120879120879122,0.02713687985654513,0.047421948912015136,-136.0,0.006565245531384249,2024,3,Wednesday,False
2024-03-21,132,261,141,8292,235,1.0681818181818181,0.028340569223347805,0.0446343779677113,-103.0,0.006069957624096433,2024,3,Thursday,False
2024-03-24,124,264,221,7899,373,1.782258064516129,0.04722116723635903,0.07403714321326187,-249.0,0.008305862881598276,2024,3,Sunday,True
2024-03-25,128,242,224,7899,229,1.75,0.028991011520445625,0.056434533449607575,-101.0,0.008439508559796577,2024,3,Monday,False
2024-03-26,187,276,200,7919,208,1.0695187165775402,0.02626594266952898,0.050333086602516654,-21.0,0.007921678350452103,2024,3,Tuesday,False
2024-03-27,129,287,185,7893,215,1.434108527131783,0.027239325985050043,0.049862877088007976,-86.0,0.007877792237225182,2024,3,Wednesday,False
2024-03-28,161,288,248,7762,360,1.5403726708074534,0.04637979902087091,0.07673860911270983,-199.0,0.009415455309534766,2024,3,Thursday,False
2024-03-31,105,254,151,7257,287,1.438095238095238,0.03954802259887006,0.059494702526487364,-182.0,0.009276871880851764,2024,3,Sunday,True
2024-04-01,109,235,171,7271,172,1.5688073394495412,0.023655618209324714,0.046476964769647695,-63.0,0.00996841712245193,2024,4,Monday,False
2024-04-02,101,230,175,7340,132,1.7326732673267327,0.017983651226158037,0.04125789544416073,-31.0,0.009718439165552123,2024,4,Tuesday,False
2024-04-03,124,230,190,7346,163,1.532258064516129,0.02218894636536891,0.047255689424364124,-39.0,0.010166909489952648,2024,4,Wednesday,False
2024-04-04,95,226,152,7317,225,1.6,0.03075030750307503,0.05086346465191581,-130.0,0.010104266516113672,2024,4,Thursday,False
2024-04-07,106,239,233,6982,279,2.19811320754717,0.039959896877685475,0.07223476297968397,-173.0,0.010717839859420993,2024,4,Sunday,True
2024-04-08,102,230,167,6988,199,1.6372549019607843,0.02847738981110475,0.05162200282087447,-97.0,0.008475478838942204,2024,4,Monday,False
2024-04-09,118,231,217,7043,130,1.8389830508474576,0.018458043447394577,0.04845691942466136,-12.0,0.007796422976869075,2024,4,Tuesday,False
2024-04-10,117,244,142,6999,227,1.2136752136752136,0.03243320474353479,0.05185497470489039,-110.0,0.008071639683298198,2024,4,Wednesday,False
2024-04-11,183,221,220,6912,285,1.2021857923497268,0.04123263888888889,0.0711768851303735,-102.0,0.008432599470358081,2024,4,Thursday,False
2024-04-14,128,245,243,6630,290,1.8984375,0.043740573152337855,0.07886948801420539,-162.0,0.008817933465433444,2024,4,Sunday,True
2024-04-15,144,303,176,6681,191,1.2222222222222223,0.028588534650501422,0.05377289377289377,-47.0,0.00897004973875853,2024,4,Monday,False
2024-04-16,219,392,205,6685,163,0.9360730593607306,0.0243829468960359,0.05330243337195829,56.0,0.008965990805275381,2024,4,Tuesday,False
2024-04-17,182,371,274,6725,227,1.5054945054945055,0.0337546468401487,0.07253510930939626,-45.0,0.008935952985623743,2024,4,Wednesday,False
2024-04-18,144,322,258,6728,260,1.7916666666666667,0.03864447086801427,0.07537834691501746,-116.0,0.0069496722978094165,2024,4,Thursday,False
2024-04-21,208,380,343,6745,240,1.6490384615384615,0.03558191252779837,0.0838486984035668,-32.0,0.006881392569427866,2024,4,Sunday,True
2024-04-22,176,424,251,6799,214,1.4261363636363635,0.031475216943668186,0.06666666666666667,-38.0,0.006411960372885787,2024,4,Monday,False
2024-04-23,252,427,307,6967,134,1.2182539682539681,0.019233529496196354,0.06108879346169829,118.0,0.006723397144425479,2024,4,Tuesday,False
2024-04-24,253,411,307,7128,154,1.2134387351778657,0.021604938271604937,0.062457661563473786,99.0,0.007483946611555999,2024,4,Wednesday,False
2024-04-25,145,357,333,7209,217,2.296551724137931,0.03010126231100014,0.07478923035082947,-72.0,0.007171007191657072,2024,4,Thursday,False
2024-04-28,158,349,365,7298,250,2.310126582278481,0.034255960537133465,0.08248390557939914,-92.0,0.007216454266076685,2024,4,Sunday,True
2024-04-29,140,292,255,7373,187,1.8214285714285714,0.025362810253628104,0.058831358977771864,-47.0,0.006290794475573046,2024,4,Monday,False
2024-04-30,220,443,194,7431,135,0.8818181818181818,0.018167137666532097,0.043000914913083256,85.0,0.006342426638800095,2024,4,Tuesday,False
2024-05-01,197,437,295,7508,190,1.49746192893401,0.02530633990410229,0.06294613887086307,7.0,0.005820279566484698,2024,5,Wednesday,False
2024-05-02,206,411,293,7577,194,1.4223300970873787,0.02560380097663983,0.06257227290247977,12.0,0.005265152722693186,2024,5,Thursday,False
2024-05-05,150,315,228,7447,332,1.52,0.044581710756009134,0.07371330788469133,-182.0,0.00843963304551473,2024,5,Sunday,True
2024-05-06,173,337,211,7449,205,1.2196531791907514,0.02752047254665056,0.05457885069535555,-32.0,0.008442636250061468,2024,5,Monday,False
2024-05-07,176,334,246,7566,163,1.3977272727272727,0.02154374834787206,0.052828726427279774,13.0,0.008411861599620209,2024,5,Tuesday,False
2024-05-08,167,374,205,7583,202,1.2275449101796407,0.02663853356191481,0.052516129032258066,-35.0,0.008387564247285111,2024,5,Wednesday,False
2024-05-09,138,285,268,7570,244,1.9420289855072463,0.03223249669749009,0.06642449403217436,-106.0,0.0075470876510392694,2024,5,Thursday,False
2024-05-12,138,301,263,7464,245,1.9057971014492754,0.03282422293676313,0.06682451986319389,-107.0,0.007458119344756843,2024,5,Sunday,True
2024-05-13,112,331,167,7499,157,1.4910714285714286,0.02093612481664222,0.04256996452502956,-45.0,0.008110860300233351,2024,5,Monday,False
2024-05-14,246,419,218,7546,186,0.8861788617886179,0.024648820567187913,0.05184804928131417,60.0,0.004703970118073883,2024,5,Tuesday,False
2024-05-15,115,285,341,7589,265,2.965217391304348,0.03491896165502701,0.07866043613707165,-150.0,0.005671521222128211,2024,5,Wednesday,False
2024-05-16,206,340,214,7565,234,1.0388349514563107,0.030931923331130203,0.05765023806459915,-28.0,0.005055905215153633,2024,5,Thursday,False
2024-05-19,143,295,278,7356,298,1.944055944055944,0.04051114736269712,0.0768102413655154,-155.0,0.006484477856321434,2024,5,Sunday,True
2024-05-20,111,268,217,7368,192,1.954954954954955,0.026058631921824105,0.05468645540847707,-81.0,0.006705098574156971,2024,5,Monday,False
2024-05-21,196,348,176,7404,145,0.8979591836734694,0.01958400864397623,0.042236842105263156,51.0,0.007619739563451204,2024,5,Tuesday,False
2024-05-22,168,349,272,7474,208,1.619047619047619,0.02782981000802783,0.06281078251766553,-40.0,0.006935095314769494,2024,5,Wednesday,False
2024-05-23,193,272,314,7494,227,1.6269430051813472,0.03029089938617561,0.07037856120723299,-34.0,0.006637874198265538,2024,5,Thursday,False
2024-05-27,156,344,252,7365,167,1.6153846153846154,0.02267481330617787,0.05571067677170589,-11.0,0.006743540414220335,2024,5,Monday,False
2024-05-28,153,348,239,7418,151,1.5620915032679739,0.020355891075761662,0.051512349755646544,2.0,0.007215653088883237,2024,5,Tuesday,False
2024-05-29,182,462,158,7491,141,0.8681318681318682,0.01882258710452543,0.03896780920109475,41.0,0.004453679626971575,2024,5,Wednesday,False
2024-05-30,167,406,339,7563,190,2.029940119760479,0.025122305963242098,0.0684346701164295,-23.0,0.004383117891576467,2024,5,Thursday,False
2024-06-02,159,330,322,7546,306,2.0251572327044025,0.040551285449244634,0.08150551589876703,-147.0,0.007380127155694262,2024,6,Sunday,True
2024-06-03,109,244,257,7596,224,2.3577981651376145,0.02948920484465508,0.06242699545749513,-115.0,0.007455437237115505,2024,6,Monday,False
2024-06-04,260,356,176,7565,203,0.676923076923077,0.02683410442828817,0.048434504792332266,57.0,0.007295199260576492,2024,6,Tuesday,False
2024-06-05,173,345,291,7691,198,1.6820809248554913,0.025744376544012484,0.06218209562563581,-25.0,0.00713394920009814,2024,6,Wednesday,False
2024-06-06,179,326,282,7741,238,1.5754189944134078,0.030745381733626148,0.06565656565656566,-59.0,0.006658302128492309,2024,6,Thursday,False
2024-06-09,116,289,166,7451,312,1.4310344827586208,0.041873574016910484,0.06316902339104004,-196.0,0.006948855126852479,2024,6,Sunday,True
2024-06-10,184,334,229,7439,212,1.2445652173913044,0.02849845409329211,0.05785123966942149,-28.0,0.006539116961032975,2024,6,Monday,False
2024-06-11,186,352,224,7493,156,1.2043010752688172,0.020819431469371413,0.04948561010548248,30.0,0.006472169531979496,2024,6,Tuesday,False
2024-06-12,152,266,274,7548,212,1.8026315789473684,0.028086910439851617,0.06311688311688311,-60.0,0.006481381446355691,2024,6,Wednesday,False
2024-06-13,167,293,230,7544,259,1.377245508982036,0.03433191940615058,0.06341589936454416,-92.0,0.0066909039124069015,2024,6,Thursday,False
2024-06-16,204,315,233,7307,294,1.142156862745098,0.04023539072122622,0.07016375981893223,-90.0,0.007358094611663621,2024,6,Sunday,True
2024-06-17,159,310,272,7318,224,1.7106918238993711,0.030609456135556164,0.06633676608265347,-65.0,0.007362395422524254,2024,6,Monday,False
2024-06-18,160,297,253,7340,214,1.58125,0.029155313351498638,0.062266666666666665,-54.0,0.005977459175630848,2024,6,Tuesday,False
2024-06-19,204,321,246,7433,198,1.2058823529411764,0.026637965828064037,0.0581380123084981,6.0,0.006108157419758491,2024,6,Wednesday,False
2024-06-20,145,247,243,7431,235,1.6758620689655173,0.03162427667877809,0.06309398099260824,-90.0,0.00458106158693615,2024,6,Thursday,False
2024-06-23,102,227,201,7247,294,1.9705882352941178,0.04056851110804471,0.06735610287113893,-192.0,0.005379023974362773,2024,6,Sunday,True
2024-06-24,116,175,172,7239,202,1.4827586206896552,0.027904406686006356,0.05084976206662135,-86.0,0.005713500187197915,2024,6,Monday,False
2024-06-25,172,263,191,7239,202,1.1104651162790697,0.027904406686006356,0.05302928079881258,-30.0,0.004703398806440948,2024,6,Tuesday,False
2024-06-26,132,235,197,7268,187,1.4924242424242424,0.02572922399559714,0.05189189189189189,-55.0,0.0050553382283889765,2024,6,Wednesday,False
2024-06-27,174,208,256,7248,268,1.471264367816092,0.0369757174392936,0.07060091619509566,-94.0,0.0056805543699147,2024,6,Thursday,False
2024-06-30,123,230,167,6874,273,1.3577235772357723,0.03971486761710794,0.06288409318279263,-150.0,0.006121236990131066,2024,6,Sunday,True
2024-07-01,123,233,159,6825,229,1.2926829268292683,0.03355311355311355,0.055843408175014396,-106.0,0.0060966923404033035,2024,7,Monday,False
2024-07-02,141,232,188,6823,184,1.3333333333333333,0.026967609555913822,0.053417576105686385,-43.0,0.005491599354146971,2024,7,Tuesday,False
2024-07-04,158,226,191,6790,225,1.2088607594936709,0.03313696612665685,0.059873344847438115,-67.0,0.005313555356574049,2024,7,Thursday,False
2024-07-07,96,160,233,6599,213,2.4270833333333335,0.032277617820881954,0.0666168782673637,-117.0,0.004999948006126362,2024,7,Sunday,True
2024-07-08,141,173,129,6617,123,0.9148936170212766,0.018588484207344717,0.03728913879846108,18.0,0.006977870409262873,2024,7,Monday,False
2024-07-09,116,181,182,6651,130,1.5689655172413792,0.019545932942414676,0.0461061031476282,-14.0,0.007801903760421957,2024,7,Tuesday,False
2024-07-10,150,157,201,6649,177,1.34,0.02662054444277335,0.055596411236946607,-27.0,0.006251833139404076,2024,7,Wednesday,False
2024-07-11,80,176,125,6640,197,1.5625,0.02966867469879518,0.04791666666666667,-117.0,0.005750527628786853,2024,7,Thursday,False
2024-07-14,116,188,164,6308,237,1.4137931034482758,0.037571337983512997,0.06242216687422167,-121.0,0.007079881847843787,2024,7,Sunday,True
2024-07-15,105,185,158,6283,171,1.5047619047619047,0.027216297946840683,0.05150281778334377,-66.0,0.006737343778420525,2024,7,Monday,False
2024-07-16,136,246,123,6239,173,0.9044117647058824,0.02772880269273922,0.046431372549019606,-37.0,0.006394104905374912,2024,7,Tuesday,False
2024-07-17,128,228,177,6228,187,1.3828125,0.030025690430314708,0.05726872246696035,-59.0,0.005350279429948038,2024,7,Wednesday,False
2024-07-21,90,196,205,6058,262,2.2777777777777777,0.04324859689666557,0.07595966167859466,-172.0,0.006277506540250238,2024,7,Sunday,True
2024-07-22,102,189,155,6002,234,1.5196078431372548,0.03898700433188937,0.06372870249017037,-132.0,0.006341125702154286,2024,7,Monday,False
2024-07-23,120,257,126,5965,170,1.05,0.028499580888516344,0.04864420706655711,-50.0,0.006472650567878507,2024,7,Tuesday,False
2024-07-24,137,272,166,5927,177,1.2116788321167884,0.02986333727011979,0.056563324538258575,-40.0,0.006282786456828042,2024,7,Wednesday,False
2024-07-25,93,198,208,5954,194,2.236559139784946,0.03258313738663084,0.06647924590706135,-101.0,0.005884663895558701,2024,7,Thursday,False
2024-07-28,152,290,199,5743,207,1.3092105263157894,0.03604387950548494,0.06887192536047498,-55.0,0.005470066616726835,2024,7,Sunday,True
2024-07-29,114,210,219,5819,163,1.9210526315789473,0.028011685856676405,0.06438563964267656,-49.0,0.005769677583451201,2024,7,Monday,False
2024-07-30,125,203,208,5930,92,1.664,0.01551433389544688,0.0495458298926507,33.0,0.007527614519557372,2024,7,Tuesday,False
2024-07-31,140,261,163,5963,154,1.1642857142857144,0.02582592654704008,0.051941668032115355,-14.0,0.006455393676496613,2024,7,Wednesday,False
2024-08-01,227,298,212,6016,169,0.933920704845815,0.028091755319148936,0.06102835175396444,58.0,0.00645248736796515,2024,8,Thursday,False
2024-08-04,63,167,143,5943,170,2.2698412698412698,0.028605081608615177,0.05211455211455211,-107.0,0.006409001194244801,2024,8,Sunday,True
2024-08-05,172,259,138,5950,150,0.8023255813953488,0.025210084033613446,0.04704344985298922,22.0,0.0060919992730534556,2024,8,Monday,False
2024-08-06,163,283,200,5998,143,1.2269938650306749,0.023841280426808935,0.05567278039279338,20.0,0.004540028739300101,2024,8,Tuesday,False
2024-08-07,135,273,207,6038,174,1.5333333333333334,0.028817489234845974,0.061720395269722984,-39.0,0.004637857286435407,2024,8,Wednesday,False
2024-08-08,119,230,213,6084,174,1.7899159663865547,0.028599605522682446,0.06238916653232307,-55.0,0.002007899714047514,2024,8,Thursday,False
2024-08-11,95,211,140,5894,249,1.4736842105263157,0.04224635222259925,0.06495241275672066,-154.0,0.006010897447502466,2024,8,Sunday,True
2024-08-12,109,219,155,5903,148,1.4220183486238531,0.025071997289513807,0.05039920159680639,-39.0,0.006220499195191151,2024,8,Monday,False
2024-08-13,162,239,189,5981,123,1.1666666666666667,0.02056512288914897,0.05078951652287156,39.0,0.0069824485403560425,2024,8,Tuesday,False
2024-08-14,109,226,191,5987,178,1.7522935779816513,0.029731084015366626,0.06053149606299212,-69.0,0.006915555651626967,2024,8,Wednesday,False
2024-08-15,124,241,156,5895,220,1.2580645161290323,0.037319762510602206,0.06246884864595448,-96.0,0.007297214730593273,2024,8,Thursday,False
2024-08-18,86,244,235,5821,178,2.7325581395348837,0.030578938326747983,0.06991704757067886,-92.0,0.0072664325593407835,2024,8,Sunday,True
2024-08-19,176,254,162,5865,158,0.9204545454545454,0.026939471440750214,0.052971362357225625,18.0,0.007368503829226512,2024,8,Monday,False
2024-08-20,136,274,245,5995,112,1.8014705882352942,0.018682235195996665,0.05822867395204698,24.0,0.006338730921425462,2024,8,Tuesday,False
2024-08-21,134,245,167,6028,156,1.2462686567164178,0.025879230258792303,0.05241804608893216,-22.0,0.006305402308238598,2024,8,Wednesday,False
2024-08-22,182,307,205,6054,171,1.1263736263736264,0.028245787908820614,0.06029506093649775,11.0,0.005608600584275905,2024,8,Thursday,False
2024-08-27,149,285,222,6152,97,1.4899328859060403,0.015767230169050715,0.05062688462148865,52.0,0.0072228645019433504,2024,8,Tuesday,False
2024-08-28,170,285,178,6227,134,1.0470588235294118,0.021519190621487074,0.04877286227919337,36.0,0.005410963915662,2024,8,Wednesday,False
2024-08-29,145,295,188,6250,169,1.296551724137931,0.02704,0.05582486317435496,-24.0,0.0048209433172751075,2024,8,Thursday,False
2024-09-02,133,270,198,6192,129,1.4887218045112782,0.020833333333333332,0.051699604743083,4.0,0.004630676728344417,2024,9,Monday,False
2024-09-03,131,263,177,6272,112,1.3511450381679388,0.017857142857142856,0.045135092925191314,19.0,0.004754868292469444,2024,9,Tuesday,False
2024-09-04,121,231,219,6375,114,1.8099173553719008,0.01788235294117647,0.051262315270935964,7.0,0.004753984660881674,2024,9,Wednesday,False
2024-09-05,126,230,175,6448,121,1.3888888888888888,0.018765508684863524,0.04502585944630362,5.0,0.0036756973121276704,2024,9,Thursday,False
2024-09-08,123,255,164,6312,221,1.3333333333333333,0.03501267427122941,0.05982905982905983,-98.0,0.006290992217314376,2024,9,Sunday,True
2024-09-09,144,275,190,6353,141,1.3194444444444444,0.022194238942232016,0.05094659073418501,3.0,0.006275002198110802,2024,9,Monday,False
2024-09-10,131,251,180,6396,148,1.3740458015267176,0.023139462163852407,0.05025279607783055,-17.0,0.006002800134910779,2024,9,Tuesday,False
2024-09-11,93,248,175,6410,162,1.881720430107527,0.02527301092043682,0.05182223589112717,-69.0,0.006063556474533424,2024,9,Wednesday,False
2024-09-12,184,280,210,6360,220,1.141304347826087,0.03459119496855346,0.06570904645476773,-36.0,0.006984381126108349,2024,9,Thursday,False
2024-09-13,81,200,212,6326,279,2.617283950617284,0.0441036990199178,0.07663493054471672,-198.0,0.009081428623543773,2024,9,Friday,False
2024-09-15,98,220,167,6234,210,1.7040816326530612,0.03368623676612127,0.059538850284270375,-112.0,0.007957238988960095,2024,9,Sunday,True
2024-09-16,113,209,160,6229,164,1.415929203539823,0.026328463637823086,0.0510879848628193,-51.0,0.007930284275979131,2024,9,Monday,False
2024-09-17,159,304,139,6227,160,0.8742138364779874,0.025694555965954713,0.04682117131224554,-1.0,0.007459633964401353,2024,9,Tuesday,False
2024-09-18,116,213,217,6245,149,1.8706896551724137,0.02385908726981585,0.05753812293664518,-33.0,0.0073469672317894395,2024,9,Wednesday,False
2024-09-19,93,196,169,6270,188,1.8172043010752688,0.029984051036682616,0.056105610561056105,-95.0,0.006995153150172222,2024,9,Thursday,False
2024-09-22,124,234,161,5989,197,1.2983870967741935,0.032893638336951074,0.0585637166693931,-73.0,0.006885679273954155,2024,9,Sunday,True
2024-09-23,92,203,173,6002,165,1.8804347826086956,0.02749083638787071,0.055464391204463406,-73.0,0.0037309252805293037,2024,9,Monday,False
2024-09-24,186,259,172,6023,143,0.9247311827956989,0.023742321102440643,0.05073280721533258,43.0,0.003325972353265118,2024,9,Tuesday,False
2024-09-25,154,225,220,6050,169,1.4285714285714286,0.02793388429752066,0.06270148291424887,-15.0,0.0033158728189516275,2024,9,Wednesday,False
2024-09-26,91,199,172,6090,185,1.89010989010989,0.030377668308702793,0.057757644394110984,-94.0,0.003392755731555789,2024,9,Thursday,False
2024-09-29,81,213,153,5925,177,1.8888888888888888,0.029873417721518986,0.054945054945054944,-96.0,0.002880281532965384,2024,9,Sunday,True
2024-09-30,209,285,184,5967,138,0.8803827751196173,0.023127199597787834,0.05213730569948186,71.0,0.0035402769032608313,2024,9,Monday,False
2024-10-01,184,314,217,6040,137,1.1793478260869565,0.022682119205298012,0.05687660668380463,47.0,0.0032403759192437764,2024,10,Tuesday,False
2024-10-02,107,215,230,6091,173,2.149532710280374,0.028402561155803644,0.06502097450790578,-66.0,0.003306318398607131,2024,10,Wednesday,False
2024-10-03,101,162,178,6118,193,1.7623762376237624,0.03154625694671461,0.0596558932304229,-92.0,0.0034958309558776072,2024,10,Thursday,False
2024-10-07,99,190,176,5968,153,1.7777777777777777,0.025636729222520107,0.05422778968188561,-54.0,0.0035777515173777887,2024,10,Monday,False
2024-10-08,167,239,166,6013,123,0.9940119760479041,0.02045567936138367,0.04676375404530744,44.0,0.004116198043605845,2024,10,Tuesday,False
2024-10-09,115,216,169,6047,137,1.4695652173913043,0.022655862411112948,0.04965920155793573,-22.0,0.0038692657706627708,2024,10,Wednesday,False
2024-10-10,84,158,193,6075,159,2.2976190476190474,0.02617283950617284,0.05715213508686475,-75.0,0.0038035040943941324,2024,10,Thursday,False
2024-10-13,130,227,192,5889,210,1.476923076923077,0.03565970453387672,0.06678850307360026,-80.0,0.005188677166182519,2024,10,Sunday,True
2024-10-14,88,214,160,5935,106,1.8181818181818181,0.017860151642796966,0.04416403785488959,-18.0,0.00621602529907058,2024,10,Monday,False
2024-10-15,113,208,159,6013,107,1.407079646017699,0.017794777981041076,0.04342148220698661,6.0,0.006237996473023353,2024,10,Tuesday,False
2024-10-16,174,285,150,6036,129,0.8620689655172413,0.021371769383697812,0.04492753623188406,45.0,0.006231050046203179,2024,10,Wednesday,False
2024-10-17,104,230,206,6076,160,1.9807692307692308,0.026333113890717578,0.059223300970873784,-56.0,0.006205197967511077,2024,10,Thursday,False
2024-10-20,147,276,214,5918,195,1.4557823129251701,0.03295032105441027,0.06743610882110469,-48.0,0.007007560788531171,2024,10,Sunday,True
2024-10-21,108,220,213,5966,154,1.9722222222222223,0.025812939993295342,0.06042146855449457,-46.0,0.007002683067402783,2024,10,Monday,False
2024-10-22,180,280,146,6043,109,0.8111111111111111,0.018037398643058082,0.040977020729551665,71.0,0.005755018196599512,2024,10,Tuesday,False
2024-10-23,134,294,186,6077,138,1.3880597014925373,0.022708573309198617,0.052165512799871194,-4.0,0.005325928576323544,2024,10,Wednesday,False
2024-10-27,202,313,158,5974,192,0.7821782178217822,0.03213927017073987,0.05667098445595855,10.0,0.0054893826924634955,2024,10,Sunday,True
2024-10-28,110,272,193,6008,156,1.7545454545454546,0.02596537949400799,0.05704478587773782,-46.0,0.005161390698933805,2024,10,Monday,False
2024-10-29,166,277,229,6106,126,1.3795180722891567,0.020635440550278415,0.05660076530612245,40.0,0.005583295701923163,2024,10,Tuesday,False
2024-10-30,136,276,178,6149,160,1.3088235294117647,0.026020491136770206,0.053778838504375495,-24.0,0.004554230295132109,2024,10,Wednesday,False
2024-10-31,87,246,173,6148,177,1.9885057471264367,0.028789850357839947,0.056134723336006415,-90.0,0.0048306765579157725,2024,10,Thursday,False
2024-11-03,84,171,157,5990,184,1.869047619047619,0.030717863105175294,0.05614092854790912,-100.0,0.004159472768461886,2024,11,Sunday,True
2024-11-04,167,209,157,6007,132,0.9401197604790419,0.021974363242883304,0.04680919987042436,35.0,0.004284595542090741,2024,11,Monday,False
2024-11-05,109,245,159,6045,126,1.4587155963302751,0.020843672456575684,0.04631134221644459,-17.0,0.003968811728211854,2024,11,Tuesday,False
2024-11-06,156,256,176,6086,137,1.1282051282051282,0.022510680249753532,0.05014418455623198,19.0,0.0040417881272008386,2024,11,Wednesday,False
2024-11-07,125,232,192,6084,177,1.536,0.029092702169625246,0.05942985988081817,-52.0,0.0039575868722303564,2024,11,Thursday,False
2024-11-11,118,139,168,5963,145,1.423728813559322,0.024316619151433842,0.05147179740174313,-27.0,0.003987384449898572,2024,11,Monday,False
2024-11-12,142,235,139,5975,138,0.9788732394366197,0.02309623430962343,0.04528363576916789,4.0,0.003770626508698344,2024,11,Tuesday,False
2024-11-13,148,245,175,5966,151,1.1824324324324325,0.02531009051290647,0.05332024860974812,-3.0,0.0027309365234199083,2024,11,Wednesday,False
2024-11-14,119,219,210,6025,172,1.7647058823529411,0.028547717842323652,0.062174479166666664,-53.0,0.003075735163976074,2024,11,Thursday,False
2024-11-17,105,210,149,5816,195,1.4190476190476191,0.03352819807427786,0.05809829420705962,-90.0,0.003955541659863632,2024,11,Sunday,True
2024-11-18,143,203,163,5819,138,1.1398601398601398,0.023715415019762844,0.05048641395504864,5.0,0.0037682710176712886,2024,11,Monday,False
2024-11-19,119,209,152,5844,146,1.2773109243697478,0.024982888432580425,0.04997484487673989,-27.0,0.0036706008653829025,2024,11,Tuesday,False
2024-11-20,155,212,181,5879,148,1.167741935483871,0.025174349379146112,0.054524361948955914,7.0,0.0036105352437760785,2024,11,Wednesday,False
2024-11-21,109,214,173,5850,210,1.5871559633027523,0.035897435897435895,0.06427252894781003,-101.0,0.0047560500261377685,2024,11,Thursday,False
2024-11-24,191,283,192,5664,207,1.0052356020942408,0.036546610169491525,0.06814688300597779,-16.0,0.005473883182880893,2024,11,Sunday,True
2024-11-25,170,297,196,5715,129,1.1529411764705881,0.02257217847769029,0.055225148683092605,41.0,0.006123703914012995,2024,11,Monday,False
2024-11-26,152,272,214,5826,112,1.4078947368421053,0.01922416752488843,0.054533288725326194,40.0,0.0066889107104765,2024,11,Tuesday,False
2024-11-27,239,367,224,5862,211,0.9372384937238494,0.03599454111224838,0.07129978692017702,28.0,0.00730450308174312,2024,11,Wednesday,False
2024-11-28,113,280,237,5963,143,2.0973451327433628,0.02398121750796579,0.06254114549045425,-30.0,0.0073970254160924415,2024,11,Thursday,False
2024-12-01,196,306,187,5986,149,0.9540816326530612,0.02489141329769462,0.054351342607570366,47.0,0.007418867478756553,2024,12,Sunday,True
2024-12-02,236,330,222,6061,115,0.940677966101695,0.018973766705164163,0.053517548038748614,121.0,0.007342243920504562,2024,12,Monday,False
2024-12-03,81,230,242,6192,107,2.9876543209876543,0.01728036175710594,0.055635262234975294,-26.0,0.006274787524317788,2024,12,Tuesday,False
2024-12-04,118,245,160,6269,115,1.3559322033898304,0.01834423353006859,0.04305620792234226,3.0,0.006551001478014142,2024,12,Wednesday,False
2024-12-05,218,283,208,6310,150,0.9541284403669725,0.02377179080824089,0.0548406862745098,68.0,0.006375472277728451,2024,12,Thursday,False
2024-12-08,132,243,183,6286,172,1.3863636363636365,0.02736239261851734,0.05531318167653475,-40.0,0.003849791612642173,2024,12,Sunday,True
2024-12-09,224,315,152,6268,174,0.6785714285714286,0.027760051052967454,0.05021565003080715,50.0,0.004387197454462195,2024,12,Monday,False
2024-12-10,167,326,213,6310,149,1.2754491017964071,0.023613312202852614,0.055890072564458854,18.0,0.004303004138836344,2024,12,Tuesday,False
2024-12-11,209,353,232,6402,152,1.1100478468899522,0.023742580443611373,0.058085009832098015,57.0,0.004030982333703854,2024,12,Wednesday,False
2024-12-12,153,253,286,6481,194,1.869281045751634,0.02993365221416448,0.07235453723243895,-41.0,0.003803936829737421,2024,12,Thursday,False
2024-12-15,180,337,219,6408,224,1.2166666666666666,0.03495630461922597,0.0672434729811779,-44.0,0.0041726409622760245,2024,12,Sunday,True
2024-12-16,133,287,189,6454,149,1.4210526315789473,0.0230864580105361,0.051313192652193716,-16.0,0.004276135777379381,2024,12,Monday,False
2024-12-17,187,310,247,6506,151,1.320855614973262,0.02320934521979711,0.05946511280442253,36.0,0.004531592296015155,2024,12,Tuesday,False
2024-12-18,168,285,210,6598,134,1.25,0.020309184601394362,0.05084244753177653,34.0,0.005061724809405304,2024,12,Wednesday,False
2024-12-19,269,412,204,6600,238,0.758364312267658,0.036060606060606064,0.0643470665307905,31.0,0.006302272889305941,2024,12,Thursday,False
2024-12-22,100,255,236,6595,268,2.36,0.04063684609552692,0.07528005974607917,-168.0,0.007765285794863412,2024,12,Sunday,True
2024-12-23,205,294,177,6548,231,0.8634146341463415,0.03527794746487477,0.060417592181252776,-26.0,0.008044979795649429,2024,12,Monday,False
2024-12-24,161,304,211,6622,155,1.31055900621118,0.023406825732407127,0.05395842547545334,6.0,0.008163434406084486,2024,12,Tuesday,False
2024-12-25,57,162,193,6689,107,3.3859649122807016,0.015996412019733893,0.04447079750963534,-50.0,0.00935183056036942,2024,12,Wednesday,False
2024-12-26,80,122,152,6707,135,1.9,0.020128224243327865,0.0422867246205982,-55.0,0.009673226423117935,2024,12,Thursday,False
2024-12-29,107,170,133,6465,216,1.2429906542056075,0.03341067285382831,0.05310407790626902,-109.0,0.009333586585493645,2024,12,Sunday,True
2024-12-30,99,156,139,6454,177,1.404040404040404,0.02742485280446235,0.04822218831069739,-78.0,0.008844974641348742,2024,12,Monday,False
2025-01-01,25,66,94,6405,144,3.76,0.022482435597189696,0.03701399688958009,-119.0,0.007006347795391104,2025,1,Wednesday,False
2025-01-02,35,70,53,6292,170,1.5142857142857142,0.0270184361093452,0.03524577208787735,-135.0,0.005636279036328985,2025,1,Thursday,False
2025-01-05,43,73,64,5882,185,1.4883720930232558,0.031451887113226794,0.0420253164556962,-142.0,0.006221535562236356,2025,1,Sunday,True
2025-01-06,41,60,71,5769,190,1.7317073170731707,0.03293465071936211,0.04492254733218588,-149.0,0.005148717765324425,2025,1,Monday,False
2025-01-07,65,83,65,5703,133,1.0,0.02332105909170612,0.03432732316227462,-68.0,0.004445505321132398,2025,1,Tuesday,False
2025-01-08,38,80,82,5605,184,2.1578947368421053,0.03282783229259589,0.04713804713804714,-146.0,0.004337809320290785,2025,1,Wednesday,False
2025-01-09,56,82,68,5507,164,1.2142857142857142,0.02978027964408934,0.041704116483911556,-108.0,0.004358176933068361,2025,1,Thursday,False
2025-01-12,74,103,80,5092,235,1.0810810810810811,0.04615082482325216,0.06097560975609756,-161.0,0.007154653590509653,2025,1,Sunday,True
2025-01-13,68,107,102,5019,181,1.5,0.03606296074915322,0.055632003145272266,-113.0,0.006933863651192595,2025,1,Monday,False
2025-01-14,92,124,93,4957,139,1.0108695652173914,0.0280411539237442,0.045949693008516534,-47.0,0.007193665096472696,2025,1,Tuesday,False
2025-01-15,113,162,107,4903,164,0.9469026548672567,0.033448908831327756,0.054027113237639555,-51.0,0.0071987126813746905,2025,1,Wednesday,False
2025-01-16,106,196,131,4881,159,1.2358490566037736,0.032575291948371235,0.05815119310206537,-53.0,0.005899254889743424,2025,1,Thursday,False
2025-01-19,86,152,168,4628,176,1.9534883720930232,0.03802938634399308,0.07297411964361476,-90.0,0.00603442158365121,2025,1,Sunday,True
2025-01-20,84,118,136,4638,127,1.619047619047619,0.02738249245364381,0.05569673867005506,-43.0,0.006426777584922665,2025,1,Monday,False
2025-01-21,59,64,117,4728,54,1.9830508474576272,0.011421319796954314,0.03572174639649049,5.0,0.008890955205572565,2025,1,Tuesday,False
2025-01-22,62,97,52,4717,83,0.8387096774193549,0.017595929616281536,0.02824858757062147,-21.0,0.009368789323964581,2025,1,Wednesday,False
2025-01-23,91,75,97,4621,174,1.065934065934066,0.03765418740532352,0.057512733446519526,-83.0,0.010224642978646737,2025,1,Thursday,False
2025-01-26,29,51,11,4241,182,0.3793103448275862,0.042914406979485974,0.04519906323185012,-153.0,0.011557896770811234,2025,1,Sunday,True
2025-01-27,33,53,34,4161,127,1.0303030303030303,0.030521509252583512,0.038388173581306625,-94.0,0.011497267733663505,2025,1,Monday,False
2025-01-28,32,49,39,4096,101,1.21875,0.024658203125,0.03391472868217054,-69.0,0.010912740807680732,2025,1,Tuesday,False
2025-01-29,32,50,39,4036,99,1.21875,0.024529236868186324,0.03392330383480826,-67.0,0.010968813147548178,2025,1,Wednesday,False
2025-01-30,47,42,47,3923,159,1.0,0.04053020647463676,0.05188916876574307,-112.0,0.009475951004895691,2025,1,Thursday,False
2025-02-02,20,22,41,3483,168,2.05,0.04823428079242033,0.05966314587496432,-148.0,0.009217053406024535,2025,2,Sunday,True
2025-02-03,23,45,11,3403,102,0.4782608695652174,0.02997355274757567,0.03298307063631056,-79.0,0.009384273688065131,2025,2,Monday,False
2025-02-04,34,54,29,3359,74,0.8529411764705882,0.022030366180410838,0.030356616563513114,-40.0,0.00957378262507691,2025,2,Tuesday,False
2025-02-05,26,36,36,3290,104,1.3846153846153846,0.031610942249240125,0.04221954161640531,-78.0,0.0095641365093004,2025,2,Wednesday,False
2025-02-06,25,32,27,3181,145,1.08,0.045583149952845015,0.053649407361197755,-120.0,0.010258596645273982,2025,2,Thursday,False
2025-02-09,15,13,23,2878,99,1.5333333333333334,0.03439888811674774,0.042170756999654335,-84.0,0.009267457632292293,2025,2,Sunday,True
2025-02-10,16,18,15,2834,63,0.9375,0.022230063514467185,0.02736842105263158,-47.0,0.010315444568067088,2025,2,Monday,False
2025-02-11,11,22,12,2799,50,1.0909090909090908,0.01786352268667381,0.02206405693950178,-39.0,0.009401015301218259,2025,2,Tuesday,False
2025-02-12,16,20,20,2752,66,1.25,0.023982558139534885,0.03106936416184971,-50.0,0.009579108621209004,2025,2,Wednesday,False
2025-02-13,15,10,23,2703,72,1.5333333333333334,0.026637069922308545,0.03495217071376012,-57.0,0.009233168799340406,2025,2,Thursday,False
2025-02-17,8,17,14,2532,15,1.75,0.005924170616113744,0.01141732283464567,-7.0,0.012502231945417277,2025,2,Monday,False
2025-02-18,18,19,11,2536,9,0.6111111111111112,0.003548895899053628,0.007830853563038372,9.0,0.01111572710978393,2025,2,Tuesday,False
2025-02-19,12,17,17,2528,19,1.4166666666666667,0.007515822784810127,0.014173228346456693,-7.0,0.00953108640606699,2025,2,Wednesday,False
2025-02-20,13,25,15,2520,32,1.1538461538461537,0.012698412698412698,0.018555073035925778,-19.0,0.009059552426562121,2025,2,Thursday,False
2025-02-23,7,16,8,2423,35,1.1428571428571428,0.014444903012794058,0.017695473251028805,-28.0,0.008908993544327178,2025,2,Sunday,True
2025-02-24,20,22,14,2413,24,0.7,0.009946125155408206,0.015618577887381833,-4.0,0.00765757826458132,2025,2,Monday,False
2025-02-25,11,7,7,2413,23,0.6363636363636364,0.009531703273932863,0.012376237623762377,-12.0,0.003782150354862218,2025,2,Tuesday,False
2025-02-26,12,21,1,2411,23,0.08333333333333333,0.00953961012028204,0.00990507635163021,-11.0,0.0035157010506579683,2025,2,Wednesday,False
2025-02-27,10,15,17,2391,37,1.7,0.01547469677959013,0.022490628904623073,-27.0,0.0029340674496655074,2025,2,Thursday,False
2025-03-02,12,24,4,2297,31,0.3333333333333333,0.013495864170657379,0.015158077089649198,-19.0,0.0024818685223595488,2025,3,Sunday,True
2025-03-03,8,29,18,2287,25,2.25,0.010931351114997814,0.018736383442265796,-17.0,0.0025078994666728055,2025,3,Monday,False
2025-03-04,4,25,10,2272,30,2.5,0.013204225352112676,0.01757469244288225,-26.0,0.0023368322619599304,2025,3,Tuesday,False
2025-03-05,5,20,4,2238,40,0.8,0.017873100983020553,0.01961658493089612,-35.0,0.003117497294273659,2025,3,Wednesday,False
2025-03-06,7,27,6,2218,33,0.8571428571428571,0.014878268710550046,0.01752808988764045,-26.0,0.0028041111149285985,2025,3,Thursday,False
2025-03-09,12,25,15,2137,30,1.25,0.014038371548900327,0.020939972080037228,-18.0,0.002150155301015469,2025,3,Sunday,True
2025-03-10,6,28,8,2125,23,1.3333333333333333,0.010823529411764706,0.014547160957297044,-17.0,0.0024180985842288355,2025,3,Monday,False
2025-03-11,3,11,7,2116,20,2.3333333333333335,0.00945179584120983,0.012741859367626238,-17.0,0.002886614629214986,2025,3,Tuesday,False
2025-03-12,6,18,2,2113,8,0.3333333333333333,0.003786086133459536,0.004719207173194903,-2.0,0.004541076112933821,2025,3,Wednesday,False
2025-03-13,4,20,9,2116,6,2.25,0.002835538752362949,0.007075471698113208,-2.0,0.005643151572072619,2025,3,Thursday,False
2025-03-16,1,9,8,2117,5,8.0,0.0023618327822390174,0.006137865911237016,-4.0,0.00531341280747265,2025,3,Sunday,True
2025-03-17,5,14,0,2111,8,0.0,0.0037896731406916154,0.003780718336483932,-3.0,0.004639275047161659,2025,3,Monday,False
2025-03-18,19,34,6,2109,8,0.3157894736842105,0.003793266951161688,0.006578947368421052,11.0,0.0033982083278379024,2025,3,Tuesday,False
2025-03-19,6,22,14,2119,9,2.3333333333333335,0.004247286455875413,0.010823529411764706,-3.0,0.002353094608365191,2025,3,Wednesday,False
2025-03-20,9,20,11,2124,7,1.2222222222222223,0.003295668549905838,0.008438818565400843,2.0,0.0006541001848578675,2025,3,Thursday,False
2025-03-23,15,29,9,2136,2,0.6,0.0009363295880149813,0.005113900511390051,13.0,0.0011239374847200722,2025,3,Sunday,True
2025-03-24,7,13,11,2139,7,1.5714285714285714,0.0032725572697522207,0.008387698042870456,0.0,0.001123013458444425,2025,3,Monday,False
2025-03-25,12,19,7,2145,6,0.5833333333333334,0.002797202797202797,0.00602688919796013,6.0,0.0010868220967093453,2025,3,Tuesday,False
2025-03-26,9,21,15,2159,2,1.6666666666666667,0.0009263547938860583,0.007841328413284132,7.0,0.0013240313099026424,2025,3,Wednesday,False
2025-03-27,1,19,13,2159,2,13.0,0.0009263547938860583,0.006944444444444444,-1.0,0.001390248779740843,2025,3,Thursday,False
2025-03-30,9,20,5,2188,2,0.5555555555555556,0.0009140767824497258,0.0031861629494765588,7.0,0.0011850315860897091,2025,3,Sunday,True
2025-03-31,9,25,8,2193,5,0.8888888888888888,0.002279981760145919,0.005903723887375113,4.0,0.001033420926656049,2025,3,Monday,False
2025-04-01,17,36,7,2191,12,0.4117647058823529,0.005476951163852123,0.008605072463768116,5.0,0.001680589892538944,2025,4,Tuesday,False
2025-04-02,5,31,16,2208,3,3.2,0.001358695652173913,0.00858563036601898,2.0,0.001664985342432182,2025,4,Wednesday,False
2025-04-03,12,26,18,2223,8,1.5,0.003598740440845704,0.011633109619686801,4.0,0.001746714806764431,2025,4,Thursday,False
2025-04-06,7,14,7,2234,11,1.0,0.004923903312444047,0.008032128514056224,-4.0,0.0019029778076944785,2025,4,Sunday,True
2025-04-07,12,22,9,2237,5,0.75,0.002235136343316942,0.006224988883948421,7.0,0.0017481956256863024,2025,4,Monday,False
2025-04-08,12,34,12,2243,9,1.0,0.004012483281319661,0.009312638580931265,3.0,0.0015181051069166833,2025,4,Tuesday,False
2025-04-09,6,19,10,2251,5,1.6666666666666667,0.002221235006663705,0.00664599025254763,1.0,0.001525551998351985,2025,4,Wednesday,False
2025-04-10,18,25,17,2265,6,0.9444444444444444,0.0026490066225165563,0.010074463425317565,12.0,0.0012310959897713154,2025,4,Thursday,False
2025-04-11,8,22,8,2267,9,1.0,0.003970004411116012,0.0074725274725274725,-1.0,0.0010301355608592102,2025,4,Friday,False
2025-04-13,5,26,10,2283,3,2.0,0.001314060446780552,0.005681818181818182,2.0,0.0012786287161455365,2025,4,Sunday,True
2025-04-14,5,26,9,2282,13,1.8,0.0056967572304995615,0.009619588981198076,-8.0,0.0014845407137843735,2025,4,Monday,False
2025-04-15,4,19,12,2286,7,3.0,0.0030621172353455816,0.008296943231441048,-3.0,0.0014308920361572788,2025,4,Tuesday,False
2025-04-16,11,30,5,2291,8,0.45454545454545453,0.003491924923614142,0.005647263249348393,3.0,0.0013993614119374076,2025,4,Wednesday,False
2025-04-17,7,26,10,2288,14,1.4285714285714286,0.006118881118881119,0.01045751633986928,-7.0,0.0016899329000016473,2025,4,Thursday,False
2025-04-20,4,15,6,2305,4,1.5,0.0017353579175704988,0.0043308791684712,0.0,0.001820089534760881,2025,4,Sunday,True
2025-04-21,10,25,5,2308,6,0.5,0.0025996533795493936,0.004745470232959448,4.0,0.0018504917808318839,2025,4,Monday,False
2025-04-22,7,19,14,2305,17,2.0,0.00737527114967462,0.013408304498269897,-10.0,0.0020964414803659294,2025,4,Tuesday,False
2025-04-23,3,23,4,2300,11,1.3333333333333333,0.004782608695652174,0.006513243595310464,-8.0,0.0020218707186082066,2025,4,Wednesday,False
2025-04-24,3,9,7,2294,13,2.3333333333333335,0.005666957279860506,0.0087070091423596,-10.0,0.002024431231907036,2025,4,Thursday,False
2025-04-27,9,40,12,2301,4,1.3333333333333333,0.001738374619730552,0.006926406926406926,5.0,0.0022692368424168594,2025,4,Sunday,True
2025-04-28,6,26,12,2307,8,2.0,0.0034677069787602947,0.00864677907479464,-2.0,0.0021297144939565566,2025,4,Monday,False
2025-04-29,11,25,11,2304,15,1.0,0.006510416666666667,0.01123110151187905,-4.0,0.002081483525321657,2025,4,Tuesday,False
2025-04-30,7,34,9,2309,12,1.2857142857142858,0.00519705500216544,0.009067357512953367,-5.0,0.00188990908723094,2025,4,Wednesday,False
2025-05-01,13,32,14,2306,16,1.0769230769230769,0.006938421509106678,0.0129366106080207,-3.0,0.001802137062654389,2025,5,Thursday,False
2025-05-04,9,31,10,2335,5,1.1111111111111112,0.0021413276231263384,0.0063993174061433445,4.0,0.0020851546537071397,2025,5,Sunday,True
2025-05-05,15,44,20,2331,17,1.3333333333333333,0.007293007293007293,0.01577152600170503,-2.0,0.0023120750370007465,2025,5,Monday,False
2025-05-06,10,33,16,2339,16,1.6,0.006840530141085934,0.01362281822051937,-6.0,0.0019833804508572173,2025,5,Tuesday,False
2025-05-07,10,30,15,2335,10,1.5,0.004282655246252677,0.010660980810234541,0.0,0.001865725693735612,2025,5,Wednesday,False
2025-05-08,15,24,16,2361,11,1.0666666666666667,0.004659042778483694,0.011363636363636364,4.0,0.0018463606879896527,2025,5,Thursday,False
2025-05-11,15,20,12,2385,3,0.8,0.0012578616352201257,0.00625,12.0,0.002410030736832696,2025,5,Sunday,True
2025-05-12,7,33,14,2392,7,2.0,0.002926421404682274,0.008753647353063776,0.0,0.0022830154821990934,2025,5,Monday,False
2025-05-13,18,29,12,2394,11,0.6666666666666666,0.004594820384294068,0.009535655058043118,7.0,0.0020948416617594034,2025,5,Tuesday,False
2025-05-14,7,30,14,2394,11,2.0,0.004594820384294068,0.010412328196584756,-4.0,0.0017210173301699823,2025,5,Wednesday,False
2025-05-15,15,31,14,2410,14,0.9333333333333333,0.005809128630705394,0.01154639175257732,1.0,0.001481242210997445,2025,5,Thursday,False
2025-05-18,13,28,14,2437,9,1.0769230769230769,0.0036930652441526466,0.009387755102040816,4.0,0.001480435811442848,2025,5,Sunday,True
2025-05-19,7,27,17,2457,6,2.4285714285714284,0.002442002442002442,0.009334415584415584,1.0,0.0015354983465736885,2025,5,Monday,False
2025-05-21,14,62,13,2467,18,0.9285714285714286,0.007296311309282529,0.012494961708988311,-4.0,0.0016788321772556933,2025,5,Wednesday,False
2025-05-22,18,36,17,2473,15,0.9444444444444444,0.00606550748079256,0.012846246487354477,3.0,0.0016127861190945564,2025,5,Thursday,False
2025-05-27,6,24,7,2504,11,1.1666666666666667,0.00439297124600639,0.007171314741035857,-5.0,0.0016215158145823797,2025,5,Tuesday,False
2025-05-28,12,39,12,2499,14,1.0,0.0056022408963585435,0.010354440461967344,-2.0,0.0016346603306265067,2025,5,Wednesday,False
2025-05-29,13,38,15,2506,11,1.1538461538461537,0.004389465283320032,0.010321556173084558,2.0,0.0016116767939230077,2025,5,Thursday,False
2025-06-01,8,24,16,2528,12,2.0,0.004746835443037975,0.011041009463722398,-4.0,0.0015340104782030082,2025,6,Sunday,True
2025-06-02,10,19,5,2518,16,0.5,0.006354249404289118,0.008306962025316455,-6.0,0.0011026880945423031,2025,6,Monday,False
2025-06-03,5,23,11,2519,15,2.2,0.0059547439460103215,0.010301109350237718,-10.0,0.000831835197276848,2025,6,Tuesday,False
2025-06-04,4,16,9,2516,16,2.25,0.006359300476947536,0.00992063492063492,-12.0,0.0008795266543769343,2025,6,Wednesday,False
2025-06-05,8,26,5,2503,21,0.625,0.008389932081502197,0.010354440461967344,-13.0,0.0013092598565517383,2025,6,Thursday,False
2025-06-08,10,16,15,2507,13,1.5,0.005185480654168329,0.011124354390147001,-3.0,0.0013379826349451175,2025,6,Sunday,True
2025-06-09,8,21,14,2516,9,1.75,0.003577106518282989,0.009112519809825673,-1.0,0.0015154536628747346,2025,6,Monday,False
2025-06-10,17,28,7,2511,12,0.4117647058823529,0.0047789725209080045,0.007515822784810127,5.0,0.0015117919756165116,2025,6,Tuesday,False
2025-06-17,7,24,10,2523,14,1.4285714285714286,0.005548949663099485,0.009486166007905139,-7.0,0.0014931080811263619,2025,6,Tuesday,False
2025-06-19,8,19,7,2501,18,0.875,0.007197121151539384,0.00996412913511359,-10.0,0.0016005031174233684,2025,6,Thursday,False
2025-06-22,7,13,5,2508,7,0.7142857142857143,0.0027910685805422647,0.004771371769383698,0.0,0.0019466636112604875,2025,6,Sunday,True
2025-06-23,3,15,5,2495,17,1.6666666666666667,0.006813627254509018,0.008807045636509208,-14.0,0.0015964252529438452,2025,6,Monday,False
2025-06-24,5,20,5,2489,16,1.0,0.0064282844515869825,0.008420208500400962,-11.0,0.0016713033843219526,2025,6,Tuesday,False
2025-06-25,6,12,2,2470,24,0.3333333333333333,0.009716599190283401,0.01050080775444265,-18.0,0.002154496309278248,2025,6,Wednesday,False
2025-06-26,3,9,7,2447,35,2.3333333333333335,0.014303228442991417,0.017142857142857144,-32.0,0.003625753206656217,2025,6,Thursday,False
2025-06-29,5,17,7,2413,20,1.4,0.008288437629506838,0.011166253101736972,-15.0,0.0035210203367376973,2025,6,Sunday,True
2025-06-30,9,22,8,2407,16,0.8888888888888888,0.006647278770253427,0.009933774834437087,-7.0,0.003546242951900145,2025,6,Monday,False
2025-07-01,7,14,6,2391,22,0.8571428571428571,0.009201171058134672,0.011676396997497914,-15.0,0.0027612629551210664,2025,7,Tuesday,False
2025-07-02,8,20,9,2373,38,1.125,0.016013485040033713,0.019739605207895843,-30.0,0.003703025548884371,2025,7,Wednesday,False
2025-07-06,4,17,2,2332,8,0.5,0.003430531732418525,0.004280821917808219,-4.0,0.0043186410748016525,2025,7,Sunday,True
2025-07-07,3,18,8,2317,20,2.6666666666666665,0.008631851532153647,0.01206896551724138,-17.0,0.004335584960247996,2025,7,Monday,False
2025-07-08,5,16,8,2306,20,1.6,0.008673026886383347,0.012115967113803548,-15.0,0.003783603278216339,2025,7,Tuesday,False
2025-07-09,2,18,0,2281,32,0.0,0.014028934677772907,0.01401664476565922,-30.0,0.004270788121982118,2025,7,Wednesday,False
2025-07-10,2,12,3,2252,39,1.5,0.017317939609236235,0.018633540372670808,-37.0,0.004928975698996504,2025,7,Thursday,False
2025-07-13,1,13,4,2204,10,4.0,0.004537205081669692,0.006349206349206349,-9.0,0.0055013471319481115,2025,7,Sunday,True
2025-07-14,2,9,1,2181,26,0.5,0.01192113709307657,0.012368300503893724,-24.0,0.004996728914176572,2025,7,Monday,False
2025-07-15,0,8,5,2171,17,,0.00783049286043298,0.010133578995854445,-17.0,0.004289941844277798,2025,7,Tuesday,False
2025-07-16,1,9,0,2164,11,0.0,0.005083179297597043,0.005080831408775982,-10.0,0.004724181969454545,2025,7,Wednesday,False
2025-07-17,3,16,2,2153,17,0.6666666666666666,0.007895959126799815,0.008812615955473098,-14.0,0.0047671136176515765,2025,7,Thursday,False
2025-07-21,4,18,7,2121,16,1.75,0.007543611504007544,0.010823529411764706,-12.0,0.004426786984303719,2025,7,Monday,False
2025-07-22,5,13,3,2117,16,0.6,0.007557864903164856,0.008953817153628653,-11.0,0.0023956367956535127,2025,7,Tuesday,False
2025-07-23,6,21,5,2111,14,0.8333333333333334,0.006631927996210327,0.008974964572508267,-8.0,0.0020760998985806228,2025,7,Wednesday,False
2025-07-24,6,18,7,2096,29,1.1666666666666667,0.01383587786259542,0.017126546146527116,-23.0,0.0027343419299322323,2025,7,Thursday,False
2025-07-27,1,12,2,2088,4,2.0,0.0019157088122605363,0.0028721876495931067,-3.0,0.0035937944617349467,2025,7,Sunday,True
2025-07-28,2,9,3,2080,14,1.5,0.006730769230769231,0.008165225744476465,-12.0,0.003483614451499195,2025,7,Monday,False
2025-07-29,2,8,3,2072,12,1.5,0.005791505791505791,0.007232401157184185,-10.0,0.003528678919384519,2025,7,Tuesday,False
2025-07-30,4,15,4,2063,16,1.0,0.007755695588948134,0.009675858732462506,-12.0,0.0035335900168111316,2025,7,Wednesday,False
2025-07-31,2,9,6,2058,15,3.0,0.007288629737609329,0.010194174757281554,-13.0,0.0035301814554083593,2025,7,Thursday,False
2025-08-03,5,26,3,2049,5,0.6,0.002440214738897023,0.0038948393378773127,0.0,0.0039593154721930795,2025,8,Sunday,True
2025-08-04,5,22,11,2040,14,2.2,0.006862745098039216,0.012224938875305624,-9.0,0.002378445056931254,2025,8,Monday,False
2025-08-05,2,21,10,2042,14,5.0,0.0068560235063663075,0.011741682974559686,-12.0,0.0017815876134732807,2025,8,Tuesday,False
2025-08-06,4,17,3,2036,13,0.75,0.0063850687622789785,0.00784313725490196,-9.0,0.0017706847422959986,2025,8,Wednesday,False
2025-08-07,4,18,6,2031,17,1.5,0.008370260955194485,0.011302211302211302,-13.0,0.0019330432282237285,2025,8,Thursday,False
2025-08-10,0,18,8,2006,12,,0.005982053838484547,0.009970089730807577,-12.0,0.0018661212010592152,2025,8,Sunday,True
2025-08-11,6,23,4,1999,16,0.6666666666666666,0.0080040020010005,0.00997506234413965,-10.0,0.0019463728331539252,2025,8,Monday,False
2025-08-12,8,38,9,1999,9,1.125,0.004502251125562781,0.008968609865470852,-1.0,0.0012900383924033289,2025,8,Tuesday,False
2025-08-13,6,22,12,1997,17,2.0,0.008512769153730596,0.014478282576135796,-11.0,0.0014621035294395156,2025,8,Wednesday,False
2025-08-14,3,27,4,1994,11,1.3333333333333333,0.005516549648946841,0.007511266900350526,-8.0,0.0015600073332030094,2025,8,Thursday,False
2025-08-17,4,14,2,1991,3,0.5,0.0015067805123053742,0.002506265664160401,1.0,0.0025361465997036665,2025,8,Sunday,True
2025-08-18,4,20,6,1985,14,1.5,0.007052896725440806,0.010055304172951232,-10.0,0.002379892135770197,2025,8,Monday,False
2025-08-19,5,35,3,1980,11,0.6,0.005555555555555556,0.007052896725440806,-6.0,0.0023819496801850996,2025,8,Tuesday,False
2025-08-20,10,38,10,1983,10,1.0,0.005042864346949067,0.010035122930255895,0.0,0.0021812877918667784,2025,8,Wednesday,False
2025-08-21,6,49,8,1972,21,1.3333333333333333,0.010649087221095335,0.014661274014155713,-15.0,0.002889382197509978,2025,8,Thursday,False
2025-08-24,4,21,5,1981,5,1.25,0.002523977788995457,0.005037783375314861,-1.0,0.0029966272151965355,2025,8,Sunday,True
2025-08-25,8,30,8,1980,11,1.0,0.005555555555555556,0.009557344064386318,-3.0,0.002996901528621297,2025,8,Monday,False
2025-08-26,10,21,20,1989,15,2.0,0.007541478129713424,0.017508754377188594,-5.0,0.002515460655717646,2025,8,Tuesday,False
2025-08-27,5,19,9,1988,19,1.8,0.009557344064386318,0.014049172102358254,-14.0,0.002805959179542444,2025,8,Wednesday,False
2025-08-28,8,33,6,1984,17,0.75,0.008568548387096774,0.011546184738955823,-9.0,0.0028441006170712995,2025,8,Thursday,False
2025-09-01,10,29,17,2010,5,1.7,0.0024875621890547263,0.01089108910891089,5.0,0.003277518669213992,2025,9,Monday,False
2025-09-02,6,35,9,2020,9,1.5,0.004455445544554455,0.008884501480750246,-3.0,0.0028397837752849133,2025,9,Tuesday,False
2025-09-03,4,29,11,2019,10,2.75,0.004952947003467063,0.010380622837370242,-6.0,0.0024988720474928847,2025,9,Wednesday,False
2025-09-04,11,40,2,2015,14,0.18181818181818182,0.006947890818858561,0.007897334649555774,-3.0,0.002498169016707257,2025,9,Thursday,False
2025-09-07,4,19,9,2026,7,2.25,0.0034550839091806516,0.007881773399014778,-3.0,0.0026486463586813907,2025,9,Sunday,True
2025-09-08,7,25,5,2025,6,0.7142857142857143,0.002962962962962963,0.0054133858267716535,1.0,0.0022166336839171707,2025,9,Monday,False
2025-09-09,18,42,11,2023,14,0.6111111111111112,0.006920415224913495,0.01224889759921607,4.0,0.0018025656527507308,2025,9,Tuesday,False
2025-09-10,10,47,14,2025,18,1.4,0.008888888888888889,0.015724815724815724,-8.0,0.0021449994416996034,2025,9,Wednesday,False
2025-09-11,12,38,29,2047,6,2.4166666666666665,0.0029311187103077674,0.016998542982030112,6.0,0.0023387560224929485,2025,9,Thursday,False
2025-09-14,7,39,13,2083,5,1.8571428571428572,0.002400384061449832,0.00861244019138756,2.0,0.0025866816332857563,2025,9,Sunday,True
2025-09-15,9,47,10,2086,10,1.1111111111111112,0.004793863854266539,0.00954653937947494,-1.0,0.0024299295001165393,2025,9,Monday,False
2025-09-16,7,28,17,2095,12,2.4285714285714284,0.005727923627684964,0.01379638439581351,-5.0,0.0023997076015444896,2025,9,Tuesday,False
2025-09-17,7,38,5,2096,13,0.7142857142857143,0.006202290076335878,0.008559201141226819,-6.0,0.002261823807188766,2025,9,Wednesday,False
2025-09-18,20,52,11,2096,14,0.55,0.006679389312977099,0.011814744801512287,6.0,0.0022366800298045837,2025,9,Thursday,False
2025-09-21,8,35,13,2134,5,1.625,0.0023430178069353325,0.008403361344537815,3.0,0.0018591479844674936,2025,9,Sunday,True
2025-09-22,17,40,14,2141,10,0.8235294117647058,0.004670714619336758,0.011121408711770158,7.0,0.0017360770303814544,2025,9,Monday,False
2025-09-23,11,36,10,2145,15,0.9090909090909091,0.006993006993006993,0.011595547309833023,-4.0,0.001588941172478091,2025,9,Tuesday,False
2025-09-24,3,38,12,2138,17,4.0,0.007951356407857811,0.0135450723960766,-14.0,0.001835657023782529,2025,9,Wednesday,False
2025-09-25,6,35,12,2132,18,2.0,0.008442776735459663,0.01403180542563143,-12.0,0.002088421694193469,2025,9,Thursday,False
2025-09-28,11,29,12,2146,9,1.0909090909090908,0.004193849021435228,0.009735744089012517,2.0,0.0022192344366002547,2025,9,Sunday,True
2025-09-29,8,35,12,2148,13,1.5,0.006052141527001862,0.011595547309833023,-5.0,0.002194875200944,2025,9,Monday,False
2025-09-30,8,32,12,2159,7,1.5,0.003242241778601204,0.008767881864328565,1.0,0.0019735209304275144,2025,9,Tuesday,False
2025-10-01,4,33,12,2163,14,3.0,0.006472491909385114,0.011998154130133826,-10.0,0.001897140741299829,2025,10,Wednesday,False
2025-10-02,20,51,15,2164,16,0.75,0.0073937153419593345,0.014194139194139194,4.0,0.0019310612333057109,2025,10,Thursday,False
2025-10-05,8,28,13,2180,16,1.625,0.007339449541284404,0.013254113345521023,-8.0,0.0018534891449807174,2025,10,Sunday,True
2025-10-06,5,33,15,2187,10,3.0,0.004572473708276178,0.011405109489051095,-5.0,0.0016227671359891848,2025,10,Monday,False
2025-10-07,11,45,4,2189,10,0.36363636363636365,0.0045682960255824575,0.006363636363636364,1.0,0.0015737567412934161,2025,10,Tuesday,False
2025-10-08,8,49,15,2192,17,1.875,0.007755474452554745,0.014545454545454545,-9.0,0.001764128437321183,2025,10,Wednesday,False
2025-10-09,11,55,13,2192,12,1.1818181818181819,0.005474452554744526,0.011348161597821153,-1.0,0.0013571004651625538,2025,10,Thursday,False
2025-10-13,8,24,7,2223,6,0.875,0.002699055330634278,0.00582698341550874,2.0,0.001888063612126597,2025,10,Monday,False
2025-10-14,7,30,16,2235,8,2.2857142857142856,0.0035794183445190158,0.010704727921498661,-1.0,0.0018633612237774525,2025,10,Tuesday,False
2025-10-15,8,29,10,2225,15,1.25,0.006741573033707865,0.011195700850873265,-7.0,0.0017564431620067582,2025,10,Wednesday,False
2025-10-16,9,33,15,2233,9,1.6666666666666667,0.004030452306314375,0.010704727921498661,0.0,0.0017928720763041805,2025,10,Thursday,False
2025-10-19,9,34,17,2237,7,1.8888888888888888,0.0031291908806437194,0.01068566340160285,2.0,0.0019253501075827935,2025,10,Sunday,True
2025-10-20,10,39,6,2243,7,0.6,0.003120820329915292,0.005770084332001775,3.0,0.0014722984539178152,2025,10,Monday,False
2025-10-21,13,39,17,2251,9,1.3076923076923077,0.003998223011994669,0.011484098939929329,4.0,0.0013445885984451629,2025,10,Tuesday,False
2025-10-22,12,42,13,2261,12,1.0833333333333333,0.005307386112339673,0.010998680158380994,0.0,0.0013175108995342431,2025,10,Wednesday,False
2025-10-23,4,27,26,2266,18,6.5,0.00794351279788173,0.019383259911894272,-14.0,0.0018570032383657664,2025,10,Thursday,False
2025-10-26,4,35,12,2276,10,3.0,0.004393673110720563,0.009649122807017544,-6.0,0.0016707720258665897,2025,10,Sunday,True
2025-10-27,2,31,8,2282,11,4.0,0.004820333041191937,0.008318739054290718,-9.0,0.0016556147846900693,2025,10,Monday,False
2025-10-28,6,22,11,2286,6,1.8333333333333333,0.0026246719160104987,0.007417102966841187,0.0,0.001742728169622522,2025,10,Tuesday,False
2025-10-29,6,25,4,2280,17,0.6666666666666666,0.007456140350877193,0.009186351706036745,-11.0,0.0018928152058725375,2025,10,Wednesday,False
2025-10-30,3,17,14,2287,12,4.666666666666667,0.005247048535198951,0.011353711790393014,-9.0,0.0018156857321293982,2025,10,Thursday,False
2025-11-02,5,21,10,2277,7,2.0,0.0030742204655248135,0.007449605609114811,-2.0,0.0020192371814770297,2025,11,Sunday,True
2025-11-03,3,28,5,2269,12,1.6666666666666667,0.005288673424416042,0.007482394366197183,-9.0,0.0015969015233183888,2025,11,Monday,False
2025-11-04,6,33,6,2270,8,1.0,0.003524229074889868,0.006151142355008787,-2.0,0.001657425724381784,2025,11,Tuesday,False
2025-11-05,8,41,8,2272,7,1.0,0.0030809859154929575,0.006578947368421052,1.0,0.001742947082905733,2025,11,Wednesday,False
2025-11-06,6,33,9,2264,19,1.5,0.008392226148409895,0.012334801762114538,-13.0,0.002124921464537558,2025,11,Thursday,False
2025-11-09,11,33,5,2294,4,0.45454545454545453,0.0017436791630340018,0.0039045553145336228,7.0,0.002188485542986373,2025,11,Sunday,True
2025-11-11,11,39,12,2294,14,1.0909090909090908,0.006102877070619006,0.011279826464208243,-3.0,0.002270251583868691,2025,11,Tuesday,False
2025-11-12,14,48,20,2302,7,1.4285714285714286,0.0030408340573414424,0.011658031088082901,7.0,0.002273676035961784,2025,11,Wednesday,False
2025-11-13,6,26,16,2317,5,2.6666666666666665,0.0021579628830384117,0.009040034438226431,1.0,0.00238706617408825,2025,11,Thursday,False
2025-11-16,5,22,3,2340,5,0.6,0.002136752136752137,0.003411513859275053,0.0,0.0024891697267286576,2025,11,Sunday,True
2025-11-17,1,35,6,2343,8,6.0,0.0034144259496372174,0.005972696245733789,-7.0,0.002476096675484939,2025,11,Monday,False
2025-11-18,2,38,8,2345,12,4.0,0.00511727078891258,0.008521516829995739,-10.0,0.0016464385979858087,2025,11,Tuesday,False
2025-11-19,7,32,3,2340,10,0.42857142857142855,0.004273504273504274,0.005538985939497231,-3.0,0.001496227922126762,2025,11,Wednesday,False
2025-11-20,18,57,8,2340,9,0.4444444444444444,0.0038461538461538464,0.00720949957591179,9.0,0.001093446473225436,2025,11,Thursday,False
2025-11-23,3,46,22,2375,1,7.333333333333333,0.0004210526315789474,0.009671993271656855,2.0,0.0015852608987303573,2025,11,Sunday,True
2025-11-24,9,40,9,2371,13,1.0,0.005482918599746942,0.009243697478991597,-4.0,0.001760969254823721,2025,11,Monday,False
2025-11-25,6,47,14,2375,11,2.3333333333333335,0.0046315789473684215,0.010499790004199917,-5.0,0.0016833509148087406,2025,11,Tuesday,False
2025-11-27,4,24,8,2389,7,2.0,0.0029300962745918793,0.0062682824905975765,-3.0,0.0017155073143861022,2025,11,Thursday,False
2025-11-30,4,18,10,2415,0,2.5,0.0,0.00413393964448119,4.0,0.002112330464763083,2025,11,Sunday,True
2025-12-01,4,26,4,2410,9,1.0,0.0037344398340248964,0.005385252692626346,-5.0,0.0020711455544188116,2025,12,Monday,False
2025-12-02,7,34,6,2407,8,0.8571428571428571,0.0033236393851267137,0.00579950289975145,-1.0,0.002045096969847218,2025,12,Tuesday,False
2025-12-03,4,32,8,2419,7,2.0,0.0028937577511368336,0.006190672719768881,-3.0,0.001728094425382907,2025,12,Wednesday,False
2025-12-04,16,39,7,2418,13,0.4375,0.005376344086021506,0.008216926869350863,3.0,0.001705831026758412,2025,12,Thursday,False
2025-12-07,4,24,13,2429,12,3.25,0.004940304652120214,0.010275380189066995,-8.0,0.0017503130240115186,2025,12,Sunday,True
2025-12-08,9,27,9,2440,4,1.0,0.001639344262295082,0.005308289097590854,5.0,0.0018619377301835685,2025,12,Monday,False
2025-12-09,4,30,7,2443,8,1.75,0.003274662300450266,0.006129955046996322,-4.0,0.001257975489746594,2025,12,Tuesday,False
2025-12-10,10,54,5,2439,9,0.5,0.0036900369003690036,0.0057166190281747655,1.0,0.0012572816442945605,2025,12,Wednesday,False
2025-12-11,7,47,9,2437,10,1.2857142857142858,0.004103405826836274,0.007774140752864157,-3.0,0.0012641542557603554,2025,12,Thursday,False
2025-12-14,8,35,4,2462,8,0.5,0.003249390739236393,0.004858299595141701,0.0,0.0012329947207893389,2025,12,Sunday,True
2025-12-15,11,42,9,2470,7,0.8181818181818182,0.002834008097165992,0.006449012494961709,4.0,0.001033554594349068,2025,12,Monday,False
2025-12-16,8,54,15,2468,9,1.875,0.003646677471636953,0.009693053311793215,-1.0,0.0007992922032361448,2025,12,Tuesday,False
2025-12-17,7,31,11,2481,10,1.5714285714285714,0.004030632809351068,0.008440514469453377,-3.0,0.000455517989926908,2025,12,Wednesday,False
2025-12-18,11,50,6,2472,16,0.5454545454545454,0.006472491909385114,0.008860249697946033,-5.0,0.001173925840587076,2025,12,Thursday,False
2025-12-21,6,18,11,2484,14,1.8333333333333333,0.005636070853462158,0.010040160642570281,-8.0,0.0013097990256675715,2025,12,Sunday,True
